YYYY/MM/DD,USD米ドル,GBP英ポンド,EURユーロ,CADカナダドル,CHFスイスフラン,SEKスウェーデンクローネ,DKKデンマーククローネ,NOKノルウェークローネ,AUDオーストラリアドル,NZDニュージーランドドル,ZAR南アフリカランド,BHDバーレーンディナール,CNY中国人民元,HKD香港ドル,INRインドルピー,PHPフィリピンペソ,SGDシンガポールドル,THBタイバーツ,KWDクウェートディナール,SARサウジアラビアリアル,AEDUAEディルハム,MXNメキシコペソ,PGKパプアニューギニアキナ,HUFハンガリーフォリント,CZKチェココロナ,PLNポーランドズロチ,TRYトルコリラ,TWD台湾ドル,KRW(100)韓国ウォン,IDR(100)インドネシアルピア,MYRマレーシアリンギ,RUBロシアルーブル
2024/1/4,143.44,181.71,156.61,107.45,168.71,13.95,21,13.86,96.48,89.51,7.67,380.58,20.03,18.37,1.72,2.58,107.91,4.16,466.47,38.25,39.06,8.43,39.68,0.41,6.34,35.95,4.83,4.62,10.95,0.93,30.93,1.56
2024/1/5,144.97,183.94,158.71,108.58,170.57,14.21,21.28,14.09,97.29,90.45,7.76,384.64,20.2,18.56,1.74,2.61,109.07,4.19,471.14,38.66,39.48,8.53,40.17,0.42,6.43,36.48,4.87,4.67,11.04,0.94,31.24,1.59
2024/1/9,143.95,183.59,157.67,107.82,169.79,14.09,21.14,13.88,96.81,90,7.75,381.93,20.09,18.44,1.73,2.59,108.4,4.13,468.59,38.39,39.2,8.56,39.82,0.42,6.43,36.35,4.82,4.65,10.98,0.93,31,1.58
2024/1/10,144.69,183.96,158.19,108.07,169.76,14.11,21.21,13.98,96.81,90.23,7.75,383.89,20.14,18.51,1.74,2.58,108.72,4.14,470.69,38.59,39.4,8.52,40.06,0.42,6.44,36.41,4.83,4.66,10.96,0.93,31.12,1.61
2024/1/11,145.63,185.62,159.81,108.87,171.17,14.25,21.43,14.09,97.7,90.83,7.8,386.39,20.28,18.63,1.76,2.59,109.42,4.16,473.44,38.84,39.66,8.58,40.32,0.42,6.5,36.9,4.88,4.68,11.04,0.94,31.41,1.63
2024/1/12,145.32,185.59,159.5,108.58,170.5,14.17,21.39,14.12,97.34,90.72,7.79,385.57,20.27,18.59,1.75,2.59,109.26,4.15,472.74,38.75,39.57,8.6,40.24,0.42,6.47,36.63,4.86,4.68,11.05,0.93,31.31,1.64
2024/1/15,145.15,184.91,158.95,108.29,170.08,14.12,21.32,14.11,97.12,90.47,7.79,385.12,20.2,18.56,1.75,2.6,109,4.16,472.65,38.71,39.53,8.61,40.19,0.42,6.45,36.5,4.83,4.66,11.02,0.93,31.25,1.65
2024/1/16,145.92,185.23,159.39,108.47,170.17,14.09,21.37,14.05,96.74,90.11,7.79,387.16,20.29,18.65,1.76,2.61,109.23,4.16,474.85,38.91,39.74,8.62,40.32,0.42,6.45,36.48,4.85,4.66,10.98,0.94,31.16,1.67
2024/1/17,147.44,186.33,160.33,109.28,171.06,14.12,21.5,14.08,97.16,90.48,7.77,391.19,20.43,18.84,1.78,2.63,109.85,4.16,479.01,39.32,40.15,8.56,40.8,0.42,6.48,36.53,4.91,4.68,11.02,0.95,31.35,1.68
2024/1/18,148.23,187.82,161.38,109.81,171.42,14.19,21.63,14.08,97.06,90.69,7.78,393.29,20.54,18.95,1.79,2.65,110.31,4.18,481.42,39.52,40.36,8.62,40.94,0.43,6.52,36.65,4.93,4.7,11.05,0.95,31.44,1.67
2024/1/19,148.2,188.38,161.26,109.87,170.64,14.14,21.62,14.09,97.56,90.76,7.84,393.21,20.55,18.95,1.78,2.65,110.33,4.18,481.33,39.52,40.35,8.64,40.99,0.42,6.52,36.8,4.94,4.7,11.1,0.95,31.44,1.66
2024/1/22,148.17,188.32,161.49,110.31,170.62,14.17,21.65,14.13,97.84,90.77,7.79,393.13,20.58,18.95,1.78,2.65,110.62,4.19,481.7,39.51,40.34,8.67,40.98,0.42,6.51,37.06,4.92,4.72,11.1,0.95,31.46,1.68
2024/1/23,148.17,188.38,161.27,109.96,170.53,14.16,21.62,14.09,97.51,90.1,7.72,392.92,20.6,18.95,1.78,2.63,110.46,4.17,481.38,39.51,40.34,8.63,40.89,0.42,6.51,36.95,4.9,4.73,11.08,0.95,31.31,1.68
2024/1/24,148.16,188.09,160.87,110.06,170.36,14.13,21.58,14.1,97.46,90.39,7.79,393.1,20.68,18.94,1.78,2.63,110.5,4.15,481.66,39.54,40.34,8.57,40.89,0.42,6.46,36.67,4.89,4.72,11.07,0.95,31.35,1.67
2024/1/25,147.85,187.87,160.79,109.3,171.02,14.16,21.57,14.12,97.15,90.35,7.82,392.28,20.66,18.91,1.78,2.63,110.33,4.14,480.66,39.43,40.26,8.58,40.87,0.41,6.48,36.75,4.9,4.73,11.08,0.94,31.26,1.67
2024/1/26,147.65,187.53,160.08,109.55,170.2,14.13,21.48,14.15,97.2,90.18,7.82,391.75,20.55,18.88,1.78,2.62,110.14,4.13,479.69,39.38,40.21,8.59,40.81,0.42,6.48,36.59,4.89,4.72,11.04,0.93,31.19,1.66
2024/1/29,148.28,188.2,160.77,110.19,171.58,14.17,21.56,14.21,97.54,90.41,7.89,393.42,20.62,18.97,1.78,2.63,110.46,4.16,482.21,39.54,40.37,8.63,40.9,0.41,6.5,36.78,4.9,4.74,11.09,0.94,31.35,1.65
2024/1/30,147.38,187.44,159.76,109.97,171.11,14.17,21.43,14.17,97.6,90.55,7.83,391.03,20.5,18.86,1.77,2.62,110.04,4.18,479.13,39.31,40.13,8.57,40.72,0.41,6.45,36.57,4.85,4.73,11.08,0.93,31.19,1.65
2024/1/31,147.55,187.31,159.91,110.1,171.21,14.17,21.46,14.12,97.1,90.46,7.86,391.38,20.52,18.88,1.78,2.62,110.17,4.18,479.68,39.35,40.18,8.6,40.66,0.41,6.46,36.8,4.86,4.74,11.09,0.94,31.22,1.64
2024/2/1,146.84,186.33,158.79,109.37,170.23,14.14,21.3,13.97,96.56,89.95,7.87,389.6,20.44,18.78,1.77,2.61,109.64,4.14,477.68,39.16,39.97,8.54,40.54,0.41,6.41,36.64,4.84,4.7,11.02,0.93,31.06,1.63
2024/2/2,146.48,186.64,159.28,109.49,170.86,14.1,21.37,14.04,96.35,90.06,7.88,388.64,20.36,18.73,1.77,2.61,109.58,4.14,476.36,39.07,39.88,8.58,40.44,0.42,6.4,36.89,4.82,4.69,11.04,0.93,30.99,1.62
2024/2/5,148.79,187.58,160.28,110.33,171.44,14.12,21.5,13.99,96.55,90,7.85,394.77,20.61,19.02,1.79,2.66,110.67,4.18,483.71,39.68,40.51,8.66,41.07,0.42,6.43,37.09,4.9,4.74,11.12,0.95,31.28,1.64
2024/2/6,148.68,186.43,159.76,109.82,170.72,14.03,21.42,13.9,96.37,90.03,7.8,394.48,20.6,19.01,1.79,2.64,110.41,4.16,483.04,39.65,40.49,8.68,40.96,0.41,6.39,36.79,4.89,4.74,11.16,0.95,31.27,1.64
2024/2/7,147.88,186.34,159.12,109.63,170.02,14.08,21.33,13.96,96.51,90.13,7.86,392.36,20.54,18.91,1.78,2.63,110.08,4.16,480.44,39.43,40.27,8.69,40.73,0.41,6.38,36.57,4.84,4.73,11.17,0.94,31.07,1.63
2024/2/8,148.16,187.11,159.67,110.07,169.56,14.15,21.41,14.01,96.66,90.61,7.85,393.1,20.54,18.95,1.79,2.65,110.28,4.17,480.88,39.51,40.34,8.7,40.88,0.41,6.41,36.79,4.84,4.73,11.17,0.95,31.14,1.62
2024/2/9,149.53,188.63,161.09,111.07,171.03,14.27,21.61,14.06,97.02,91.44,7.89,396.74,20.73,19.12,1.8,2.67,110.94,4.17,485.49,39.88,40.72,8.73,39.89,0.42,6.38,37.21,4.88,4.77,11.22,0.96,31.28,1.64
2024/2/13,149.39,188.57,160.94,111.02,170.52,14.36,21.59,14.23,97.49,91.5,7.9,396.37,20.69,19.11,1.8,2.67,111.02,4.16,485.35,39.84,40.68,8.75,39.84,0.42,6.37,37.32,4.87,4.76,11.24,0.96,31.41,1.64
2024/2/14,150.67,189.83,161.44,111.05,169.88,14.25,21.65,14.12,97.26,91.25,7.88,399.76,20.85,19.27,1.82,2.69,111.54,4.18,488.87,40.18,41.02,8.77,40.18,0.42,6.37,37.2,4.9,4.78,11.28,0.97,31.52,1.65
2024/2/15,150.49,189.17,161.51,111.13,169.93,14.32,21.67,14.22,97.59,91.65,7.9,399.28,20.84,19.25,1.82,2.68,111.65,4.18,488.29,40.13,40.98,8.81,40.12,0.42,6.36,37.23,4.88,4.8,11.3,0.97,31.52,1.65
2024/2/16,150.26,189.06,161.72,111.49,170.56,14.34,21.7,14.24,97.85,91.6,7.94,398.67,20.82,19.21,1.81,2.69,111.62,4.17,487.7,40.07,40.92,8.81,40.04,0.42,6.39,37.22,4.9,4.8,11.28,0.96,31.46,1.63
2024/2/19,150.02,189.31,161.78,111.37,170.46,14.38,21.7,14.29,98.23,92.1,7.96,398.04,20.82,19.18,1.81,2.69,111.56,4.18,487.24,40.01,40.85,8.81,39.97,0.42,6.36,37.29,4.85,4.79,11.27,0.96,31.41,1.63
2024/2/20,150.38,189.3,161.94,111.37,170.31,14.46,21.72,14.32,98.18,92.32,7.92,398.99,20.85,19.23,1.81,2.68,111.66,4.17,488.41,40.1,40.95,8.82,41.41,0.42,6.36,37.43,4.88,4.79,11.23,0.96,31.41,1.63
2024/2/21,150.15,189.53,162.33,111.01,170.28,14.5,21.77,14.33,98.38,92.61,7.94,398.38,20.84,19.2,1.81,2.68,111.69,4.17,487.98,40.04,40.88,8.81,40,0.42,6.39,37.6,4.86,4.78,11.24,0.96,31.3,1.63
2024/2/22,150.54,190.31,163.02,111.62,171.3,14.55,21.87,14.38,98.74,93.26,7.97,399.42,20.92,19.25,1.82,2.69,112.03,4.2,489.4,40.18,40.99,8.83,41.37,0.42,6.45,37.77,4.86,4.78,11.31,0.96,31.43,1.63
2024/2/26,150.37,190.46,162.67,111.25,170.56,14.56,21.82,14.26,98.54,92.7,7.79,398.97,20.86,19.21,1.82,2.69,111.85,4.18,488.85,40.1,40.94,8.79,41.31,0.42,6.42,37.79,4.84,4.76,11.31,0.96,31.5,1.59
2024/2/27,150.64,190.94,163.38,111.49,171.05,14.64,21.92,14.32,98.38,92.75,7.8,399.68,20.89,19.25,1.82,2.69,112.06,4.2,490.05,40.17,41.02,8.82,40.1,0.42,6.44,37.93,4.84,4.77,11.31,0.96,31.54,1.63
2024/2/28,150.48,190.79,163.14,111.23,171.16,14.6,21.89,14.29,98.52,92.89,7.89,399.26,20.85,19.23,1.82,2.69,111.97,4.2,489.21,40.13,40.97,8.82,40.06,0.42,6.45,37.92,4.84,4.77,11.29,0.96,31.62,1.64
2024/2/29,150.73,190.82,163.32,110.96,171.54,14.58,21.91,14.22,97.85,91.82,7.82,400.56,20.89,19.25,1.82,2.68,111.96,4.18,490.18,40.2,41.04,8.82,41.47,0.42,6.46,37.81,4.81,4.76,11.29,0.96,31.65,1.65
2024/3/1,150.32,189.81,162.51,110.73,169.99,14.5,21.8,14.16,97.78,91.51,7.84,399.47,20.84,19.2,1.82,2.67,111.7,4.19,488.53,40.08,40.93,8.82,41.34,0.41,6.41,37.68,4.81,4.75,11.25,0.96,31.73,1.64
2024/3/4,150.09,190.12,162.77,110.79,170,14.56,21.84,14.29,98.04,91.67,7.86,398.96,20.82,19.17,1.81,2.68,111.73,4.19,488.1,40.03,40.87,8.83,41.27,0.41,6.43,37.71,4.76,4.75,11.28,0.96,31.8,1.64
2024/3/5,150.43,190.96,163.28,110.79,169.94,14.51,21.9,14.23,97.91,91.69,7.9,399.87,20.86,19.22,1.82,2.69,111.96,4.2,489.2,40.12,40.96,8.88,41.35,0.41,6.44,37.79,4.77,4.76,11.3,0.96,31.85,1.65
2024/3/6,150.05,190.49,162.8,110.33,169.66,14.44,21.84,14.18,97.46,91.16,7.9,398.75,20.8,19.18,1.81,2.68,111.71,4.18,487.97,40.02,40.86,8.85,41.25,0.41,6.43,37.78,4.73,4.75,11.23,0.95,31.69,1.65
2024/3/7,149.03,189.82,162.47,110.26,168.85,14.49,21.79,14.21,97.9,91.39,7.93,396.04,20.67,19.05,1.8,2.67,111.42,4.18,484.81,39.75,40.57,8.83,40.95,0.41,6.41,37.75,4.69,4.73,11.21,0.95,31.61,1.64
2024/3/8,147.86,189.47,161.97,109.92,168.54,14.46,21.72,14.22,98,91.38,7.92,392.93,20.54,18.91,1.79,2.65,110.97,4.15,481.16,39.43,40.26,8.77,40.63,0.41,6.39,37.61,4.63,4.7,11.16,0.94,31.57,1.63
2024/3/11,146.74,188.69,160.61,108.85,167.3,14.38,21.54,14.08,97.22,90.64,7.82,389.13,20.39,18.76,1.77,2.64,110.3,4.14,477.98,39.13,39.95,8.74,40.31,0.41,6.35,37.32,4.6,4.67,11.15,0.94,31.35,1.61
2024/3/12,146.88,188.27,160.51,108.97,167.38,14.35,21.53,14.05,97.21,90.6,7.86,390.33,20.45,18.78,1.78,2.65,110.44,4.15,478.75,39.17,39.99,8.74,40.35,0.41,6.34,37.51,4.59,4.67,11.2,0.94,31.39,1.62
2024/3/13,147.5,188.73,161.17,109.31,168.03,14.4,21.61,14.02,97.39,90.67,7.9,391.97,20.52,18.85,1.78,2.66,110.74,4.13,480.3,39.34,40.17,8.79,40.43,0.4,6.37,37.55,4.61,4.7,11.25,0.95,31.52,1.61
2024/3/14,147.7,189.06,161.7,109.66,168.07,14.44,21.69,14.09,97.84,91.09,7.95,392.51,20.52,18.88,1.79,2.67,110.82,4.15,481.11,39.39,40.22,8.86,40.56,0.41,6.41,37.79,4.61,4.69,11.22,0.95,31.55,1.62
2024/3/15,148.59,189.3,161.64,109.77,167.96,14.34,21.68,14.03,97.61,90.8,7.93,394.87,20.63,18.99,1.79,2.68,111.17,4.16,483.53,39.63,40.46,8.89,40.8,0.41,6.43,37.62,4.63,4.71,11.2,0.95,31.61,1.62
2024/3/18,149.32,190.14,162.53,110.23,168.91,14.4,21.8,14.07,97.92,90.86,7.96,396.28,20.72,19.09,1.8,2.69,111.54,4.16,485.91,39.82,40.66,8.93,41,0.41,6.47,37.8,4.62,4.72,11.22,0.96,31.69,1.62
2024/3/19,149.28,189.91,162.27,110.22,168.03,14.3,21.76,14,97.78,90.69,7.88,396.7,20.72,19.09,1.8,2.68,111.44,4.16,485.78,39.81,40.65,8.87,40.99,0.41,6.43,37.57,4.62,4.71,11.16,0.95,31.61,1.63
2024/3/21,150.8,192.93,164.82,111.92,170.24,14.54,22.1,14.29,99.69,91.82,8.06,400.74,20.92,19.28,1.82,2.68,112.66,4.21,490.89,40.22,41.07,9.05,41.38,0.42,6.54,38.24,4.66,4.74,11.35,0.96,32.04,1.64
2024/3/22,151.55,192.1,164.66,112.05,168.84,14.48,22.08,14.22,99.63,91.67,8.06,402.74,20.99,19.37,1.82,2.71,112.84,4.18,493.01,40.41,41.27,9.06,41.56,0.42,6.51,38.22,4.73,4.75,11.39,0.97,32.04,1.65
2024/3/25,151.43,190.73,163.57,111.24,168.57,14.32,21.93,14.07,98.66,90.71,7.97,401.78,20.81,19.36,1.81,2.69,112.2,4.17,492.3,40.38,41.24,9.03,41.43,0.41,6.46,37.87,4.72,4.74,11.27,0.96,31.97,1.64
2024/3/26,151.35,191.32,164.06,111.47,168.26,14.32,22,14.14,99.01,90.89,8.02,402.21,20.88,19.35,1.82,2.69,112.49,4.17,491.72,40.36,41.22,9.08,41.49,0.41,6.49,38.12,4.71,4.75,11.32,0.96,32.1,1.63
2024/3/27,151.53,191.28,164.11,111.51,167.58,14.31,22,14.08,98.86,90.92,7.98,402.04,20.9,19.37,1.82,2.7,112.57,4.17,492.3,40.41,41.27,9.11,41.46,0.42,6.49,38.05,4.7,4.75,11.29,0.96,32.08,1.64
2024/3/28,151.54,191.32,163.97,111.52,167.23,14.25,21.98,14.02,98.79,90.7,8,402.71,20.88,19.37,1.82,2.7,112.39,4.16,492.81,40.41,41.26,9.15,41.46,0.42,6.47,38,4.69,4.73,11.22,0.96,32.04,1.64
2024/3/29,151.4,191.22,163.28,111.8,167.85,14.15,21.89,13.95,98.67,90.49,7.99,402.34,20.84,19.34,1.82,2.69,112.11,4.16,492.2,40.37,41.23,9.12,40.14,0.41,6.47,37.98,4.68,4.74,11.24,0.96,31.98,1.63
2024/4/1,151.43,191.35,163.45,111.99,167.9,14.18,21.91,13.97,98.94,90.72,8.03,402.42,20.88,19.35,1.82,2.7,112.35,4.17,492.3,40.38,41.24,9.15,40.14,0.42,6.46,38.04,4.68,4.74,11.27,0.96,32.06,1.64
2024/4/2,151.74,190.4,162.95,111.79,167.58,14.05,21.84,13.84,98.51,90.27,8.02,402.39,20.91,19.39,1.82,2.7,112.18,4.14,492.82,40.46,41.32,9.13,41.52,0.41,6.45,37.96,4.72,4.74,11.21,0.96,31.99,1.64
2024/4/3,151.58,190.58,163.28,111.72,166.86,14.1,21.89,13.98,98.71,90.4,8.07,402.82,20.89,19.36,1.82,2.69,112.17,4.14,493.26,40.42,41.27,9.15,41.52,0.41,6.45,38,4.73,4.73,11.24,0.95,31.93,1.64
2024/4/4,151.7,191.9,164.47,112.22,167.92,14.26,22.05,14.16,99.74,91.35,8.13,402.49,20.93,19.38,1.82,2.69,112.55,4.14,493.17,40.45,41.31,9.18,41.46,0.42,6.5,38.27,4.76,4.74,11.28,0.95,32.02,1.65
2024/4/5,151.03,191.02,163.78,111.46,167.51,14.2,21.95,14.09,99.53,91.09,8.09,400.72,20.85,19.29,1.81,2.68,112.01,4.12,491.15,40.27,41.13,9.12,41.35,0.42,6.47,38.18,4.75,4.72,11.19,0.95,31.89,1.64
2024/4/8,151.81,191.51,164.35,111.49,167.93,14.24,22.03,14.09,99.6,91.15,8.11,402.79,20.93,19.39,1.82,2.69,112.43,4.14,493.53,40.48,41.33,9.22,41.55,0.42,6.5,38.36,4.75,4.72,11.21,0.96,31.96,1.64
2024/4/9,151.98,192.29,165.02,111.98,167.77,14.38,22.13,14.23,100.37,91.78,8.16,403.24,20.98,19.41,1.83,2.69,112.78,4.14,494.73,40.52,41.39,9.31,41.52,0.42,6.52,38.72,4.76,4.74,11.23,0.96,32.02,1.65
2024/4/10,151.82,192.42,164.85,111.91,168.07,14.38,22.1,14.23,100.64,92.02,8.23,402.81,20.98,19.39,1.83,2.69,112.9,4.18,494.21,40.48,41.35,9.27,41.54,0.42,6.49,38.66,4.7,4.74,11.23,0.96,32,1.64
2024/4/11,152.99,191.77,164.31,111.74,167.44,14.26,22.03,14.11,99.52,91.38,8.15,405.92,21.07,19.53,1.84,2.71,112.99,4.15,496.72,40.8,41.66,9.29,41.77,0.42,6.46,38.55,4.75,4.75,11.22,0.97,32.24,1.64
2024/4/12,153.1,192.16,164.18,111.83,168.19,14.28,22.01,14.14,100.07,91.91,8.18,406.21,21.1,19.53,1.84,2.71,113.13,4.21,497.4,40.82,41.7,9.31,41.87,0.42,6.47,38.54,4.73,4.75,11.19,0.97,32.16,1.64
2024/4/15,153.5,191.2,163.45,111.5,167.92,14.13,21.91,14.11,99.38,91.13,8.14,407.27,21.14,19.59,1.84,2.71,112.81,4.18,498.38,40.93,41.81,9.24,41.89,0.42,6.45,38.13,4.74,4.76,11.08,0.97,32.17,1.64
2024/4/16,154.42,192.08,163.96,111.93,169.15,14.15,21.98,14.09,99.2,91,8.13,409.71,21.26,19.72,1.85,2.72,113.24,4.2,500.88,41.17,42.05,9.24,42.14,0.42,6.49,38,4.77,4.76,11.09,0.97,32.28,1.65
2024/4/17,154.79,192.37,164.4,112,169.63,14.13,22.03,14.09,99.27,91.33,8.13,410.69,21.3,19.76,1.85,2.72,113.47,4.23,503.05,41.28,42.15,9.09,42.32,0.42,6.53,37.67,4.77,4.76,11.15,0.96,32.32,1.65
2024/4/18,154.46,192.32,164.73,112.17,169.57,14.12,22.08,14.03,99.38,91.29,8.12,409.82,21.32,19.73,1.85,2.7,113.58,4.22,501.49,41.18,42.06,9.11,42.07,0.42,6.53,38.01,4.75,4.77,11.2,0.95,32.28,1.64
2024/4/19,154.77,192.38,164.71,112.31,169.59,14.1,22.07,13.99,99.19,91.31,8.07,410.64,21.34,19.76,1.85,2.7,113.58,4.21,502.01,41.27,42.14,9.05,42.08,0.42,6.52,37.97,4.78,4.77,11.18,0.96,32.33,1.65
2024/4/22,154.8,191.53,164.99,112.68,169.85,14.19,22.11,14.05,99.55,91.41,8.09,410.72,21.34,19.76,1.86,2.69,113.52,4.2,502.6,41.28,42.16,9.07,42.09,0.42,6.55,38.31,4.76,4.76,11.2,0.95,32.38,1.67
2024/4/23,154.85,191.27,165.02,113.06,169.83,14.24,22.12,14.11,99.97,91.73,8.08,410.85,21.35,19.76,1.86,2.69,113.74,4.18,502.6,41.29,42.16,9.04,42.18,0.42,6.53,38.23,4.76,4.75,11.23,0.95,32.42,1.65
2024/4/24,154.87,193,165.85,113.38,169.85,14.35,22.23,14.21,100.6,92.05,8.11,410.9,21.33,19.76,1.86,2.69,113.79,4.2,502.82,41.3,42.17,9.14,42.19,0.42,6.57,38.5,4.76,4.75,11.31,0.96,32.45,1.66
2024/4/25,155.53,193.85,166.45,113.54,170.03,14.29,22.32,14.16,101.08,92.34,8.1,412.44,21.39,19.86,1.87,2.7,114.24,4.2,505.3,41.48,42.35,9.12,42.29,0.42,6.6,38.39,4.79,4.77,11.29,0.96,32.52,1.68
2024/4/26,155.73,194.71,167,114,170.53,14.31,22.4,14.21,101.63,92.88,8.19,413.19,21.45,19.89,1.87,2.7,114.57,4.21,505.78,41.53,42.4,9.06,42.27,0.43,6.65,38.74,4.81,4.79,11.34,0.96,32.61,1.69
2024/4/30,156.92,197.06,168.09,114.78,172.21,14.34,22.55,14.26,102.94,93.63,8.42,416.34,21.65,20.05,1.88,2.73,115.37,4.23,509.65,41.84,42.73,9.22,42.67,0.43,6.69,39,4.83,4.83,11.39,0.97,32.92,1.68
2024/5/1,157.93,197.16,168.35,114.61,171.66,14.33,22.57,14.19,102.12,92.89,8.41,418.91,21.76,20.18,1.89,2.74,115.64,4.24,512.26,42.12,43.01,9.22,42.86,0.43,6.7,38.85,4.88,4.84,11.4,0.97,33.11,1.69
2024/5/2,156.18,195.71,167.3,113.76,170.32,14.3,22.43,14.15,101.91,92.52,8.41,414.38,21.56,19.97,1.87,2.7,114.76,4.23,507.24,41.65,42.52,9.22,42.36,0.43,6.67,38.71,4.85,4.8,11.3,0.96,32.78,1.68
2024/5/7,154.07,193.62,165.96,112.73,169.94,14.26,22.25,14.24,102.33,92.78,8.34,408.78,21.35,19.7,1.85,2.69,114.06,4.19,501.37,41.08,41.95,9.13,40.38,0.43,6.64,38.59,4.79,4.77,11.36,0.96,32.52,1.68
2024/5/8,154.95,193.61,166.56,112.81,170.46,14.25,22.33,14.18,102.02,92.88,8.37,411.12,21.44,19.81,1.86,2.71,114.31,4.2,503.41,41.32,42.19,9.16,42.01,0.43,6.66,38.64,4.81,4.78,11.36,0.97,32.69,1.69
2024/5/9,155.66,194.43,167.24,113.39,171.32,14.27,22.42,14.27,102.3,93.33,8.38,413,21.53,19.91,1.87,2.71,114.77,4.22,506.21,41.51,42.38,9.2,42.14,0.43,6.7,38.87,4.83,4.8,11.39,0.97,32.83,1.69
2024/5/10,155.7,194.95,167.83,113.78,171.76,14.34,22.5,14.36,102.93,93.89,8.44,413,21.54,19.92,1.87,2.72,115.08,4.24,506.51,41.52,42.4,9.28,40.72,0.43,6.73,39.19,4.83,4.81,11.39,0.97,32.88,1.69
2024/5/13,155.94,195.22,167.92,113.97,171.93,14.37,22.51,14.36,102.81,93.8,8.46,413.63,21.54,19.95,1.87,2.71,115.06,4.25,507.78,41.58,42.46,9.3,40.78,0.43,6.74,39.04,4.85,4.81,11.36,0.97,32.9,1.69
2024/5/14,156.4,196.39,168.69,114.39,172.11,14.42,22.61,14.47,103.29,94.07,8.52,414.96,21.6,20.02,1.88,2.7,115.55,4.25,508.95,41.71,42.58,9.31,42.31,0.44,6.8,39.35,4.86,4.83,11.42,0.97,33.07,1.71
2024/5/15,156.53,197.04,169.33,114.66,172.66,14.48,22.69,14.49,103.69,94.59,8.51,415.31,21.61,20.04,1.88,2.71,115.79,4.29,509.54,41.74,42.62,9.29,42.33,0.44,6.83,39.7,4.86,4.84,11.47,0.97,33.26,1.71
2024/5/16,153.96,195.45,167.66,113.29,171.1,14.46,22.47,14.46,103.34,94.53,8.45,408.49,21.36,19.72,1.85,2.68,114.68,4.25,501.5,41.06,41.92,9.24,40.23,0.44,6.79,39.37,4.79,4.81,11.41,0.96,32.9,1.69
2024/5/17,155.55,196.99,168.96,114.17,171.4,14.5,22.64,14.52,103.83,95.18,8.55,412.71,21.53,19.93,1.87,2.71,115.53,4.29,507.01,41.49,42.35,9.33,42.05,0.44,6.85,39.62,4.84,4.84,11.5,0.98,33.21,1.71
2024/5/20,155.92,198.11,169.58,114.58,171.49,14.57,22.72,14.61,104.51,95.64,8.59,413.69,21.56,19.98,1.87,2.7,115.95,4.33,508.05,41.58,42.45,9.4,42.05,0.44,6.87,39.78,4.85,4.85,11.51,0.98,33.28,1.71
2024/5/21,156.51,198.92,170.03,114.85,171.86,14.64,22.78,14.63,104.39,95.6,8.62,415.26,21.59,20.07,1.88,2.7,116.17,4.33,510.14,41.73,42.62,9.45,42.21,0.44,6.88,39.95,4.87,4.85,11.48,0.98,33.37,1.72
2024/5/22,156.33,198.76,169.74,114.61,171.56,14.61,22.75,14.65,104.24,95.35,8.66,414.78,21.56,20.03,1.88,2.69,116.02,4.3,509.55,41.69,42.57,9.41,42.24,0.44,6.86,39.9,4.86,4.84,11.46,0.98,33.33,1.73
2024/5/23,156.93,199.65,169.85,114.62,171.41,14.62,22.76,14.65,103.89,95.82,8.59,416.37,21.62,20.1,1.89,2.7,116.2,4.31,511.51,41.85,42.73,9.43,42.31,0.44,6.88,39.85,4.89,4.86,11.5,0.98,33.33,1.74
2024/5/24,157.19,199.58,169.97,114.48,171.81,14.64,22.78,14.73,103.73,95.79,8.51,417.06,21.66,20.12,1.89,2.7,116.28,4.3,512.52,41.91,42.8,9.4,42.38,0.44,6.88,39.87,4.89,4.87,11.48,0.98,33.34,1.72
2024/5/27,156.85,199.78,170.1,114.75,171.46,14.71,22.8,14.82,103.93,96.02,8.52,416.16,21.6,20.08,1.89,2.7,116.19,4.28,511.25,41.83,42.71,9.41,42.37,0.44,6.92,40.02,4.88,4.87,11.48,0.98,33.32,1.75
2024/5/28,156.96,200.53,170.55,115.17,171.92,14.79,22.86,14.97,104.47,96.66,8.54,416.45,21.62,20.1,1.89,2.7,116.4,4.29,511.77,41.86,42.74,9.42,42.38,0.44,6.92,40.02,4.89,4.89,11.53,0.98,33.47,1.76
2024/5/29,157.41,200.79,170.81,115.25,172.47,14.86,22.89,14.97,104.54,96.56,8.6,417.64,21.66,20.15,1.89,2.72,116.67,4.3,513.41,41.98,42.86,9.38,42.5,0.44,6.93,40.13,4.89,4.88,11.53,0.98,33.52,1.78
2024/5/30,157.53,199.97,170.02,114.8,172.35,14.75,22.8,14.86,104.13,96.17,8.54,417.96,21.64,20.16,1.9,2.69,116.46,4.27,513.46,42,42.89,9.23,42.52,0.44,6.87,39.75,4.89,4.86,11.45,0.98,33.41,1.76
2024/5/31,156.75,199.53,169.73,114.55,173.65,14.8,22.76,14.85,104.02,95.99,8.38,415.89,21.61,20.05,1.88,2.68,116.14,4.27,511.09,41.8,42.68,9.21,40.88,0.44,6.86,39.68,4.87,4.84,11.37,0.96,33.35,1.74
2024/6/3,157.17,200.44,170.62,115.49,174.42,14.94,22.88,15,104.72,96.75,8.38,417.01,21.64,20.1,1.89,2.69,116.4,4.27,511.95,41.91,42.79,9.27,42.4,0.44,6.92,39.87,4.89,4.84,11.4,0.97,33.41,1.74
2024/6/4,156.47,200.49,170.8,114.84,174.79,15.03,22.9,14.99,104.68,96.92,8.45,415.15,21.57,20.01,1.89,2.67,116.23,4.28,510.67,41.73,42.61,8.88,42.22,0.44,6.93,40,4.88,4.84,11.4,0.96,33.39,1.75
2024/6/5,155.3,198.36,169.01,113.56,174.36,14.91,22.66,14.71,103.31,95.99,8.31,412.05,21.42,19.88,1.86,2.64,115.31,4.24,506.52,41.42,42.29,8.74,41.9,0.43,6.84,39.24,4.77,4.8,11.29,0.96,33.07,1.74
2024/6/6,155.78,199.45,169.5,113.87,174.64,15.01,22.72,14.74,103.81,96.65,8.24,413.32,21.46,19.94,1.87,2.66,115.67,4.26,508.59,41.54,42.42,8.91,42.01,0.43,6.88,39.47,4.82,4.82,11.38,0.96,33.19,1.75
2024/6/7,155.81,199.28,169.68,114.02,175.01,15,22.75,14.76,103.88,96.59,8.23,413.4,21.46,19.95,1.87,2.66,115.83,4.29,508.19,41.54,42.43,8.68,40.6,0.43,6.92,39.64,4.86,4.83,11.42,0.96,33.2,1.74
2024/6/10,157,199.75,169.21,114.04,175.07,14.87,22.68,14.63,103.23,95.77,8.32,416.56,21.61,20.1,1.88,2.68,116.07,4.26,512.07,41.87,42.75,8.54,42.33,0.43,6.87,39.26,4.83,4.85,11.38,0.97,33.31,1.75
2024/6/11,157.34,200.26,169.36,114.3,175.35,15.01,22.7,14.77,103.88,96.39,8.4,417.46,21.65,20.14,1.88,2.68,116.28,4.28,513.01,41.96,42.84,8.55,42.42,0.43,6.87,39.12,4.85,4.86,11.42,0.97,33.36,1.77
2024/6/12,157.24,200.2,168.78,114.27,175.04,14.98,22.63,14.7,103.72,96.47,8.47,417.41,21.61,20.13,1.88,2.68,116.16,4.28,513.19,41.94,42.82,8.46,42.39,0.43,6.83,38.91,4.87,4.85,11.4,0.97,33.34,1.76
2024/6/13,156.92,200.78,169.66,114.29,175.47,15.11,22.74,14.83,104.46,96.99,8.54,416.56,21.59,20.1,1.88,2.67,116.34,4.29,512.31,41.85,42.72,8.35,42.21,0.43,6.87,39.18,4.85,4.86,11.47,0.96,33.39,1.76
2024/6/14,157.35,200.67,168.93,114.44,175.95,15,22.65,14.77,104.18,96.79,8.53,418.04,21.64,20.14,1.88,2.68,116.42,4.28,513.54,41.96,42.84,8.53,42.41,0.43,6.84,38.88,4.88,4.86,11.43,0.97,33.4,1.8
2024/6/17,157.54,199.86,168.65,114.72,176.83,14.98,22.61,14.76,104.2,96.65,8.58,417.88,21.66,20.16,1.89,2.69,116.47,4.3,514.16,42.01,42.89,8.52,42.44,0.42,6.82,38.56,4.81,4.87,11.42,0.96,33.4,1.76
2024/6/18,157.74,200.47,169.33,114.99,177.58,15.06,22.7,14.79,104.38,96.81,8.65,418.63,21.69,20.19,1.89,2.69,116.71,4.29,514.82,42.04,42.95,8.52,41.08,0.43,6.84,38.94,4.81,4.87,11.43,0.96,33.49,1.78
2024/6/19,157.98,200.68,169.61,115.15,178.61,15.12,22.74,14.93,105.21,96.98,8.76,419.6,21.71,20.24,1.9,2.69,116.87,4.31,515.6,42.11,43.02,8.58,42.56,0.43,6.83,39.07,4.83,4.88,11.44,0.96,33.57,1.85
2024/6/20,158.17,201.18,169.99,115.36,178.84,15.14,22.79,14.97,105.53,97.04,8.82,421.23,21.73,20.26,1.9,2.7,117.11,4.32,515.55,42.17,43.07,8.58,42.6,0.43,6.83,39.27,4.87,4.88,11.44,0.97,33.6,1.87
2024/6/21,159.13,201.44,170.36,116.22,178.36,15.15,22.84,15.08,105.93,97.34,8.85,423.78,21.81,20.39,1.9,2.7,117.44,4.34,518.85,42.42,43.33,8.68,41.41,0.43,6.84,39.39,4.86,4.92,11.45,0.97,33.75,1.83
2024/6/24,159.89,202.15,170.97,116.73,178.87,15.21,22.92,15.12,106.17,97.76,8.89,424.34,21.93,20.49,1.91,2.72,117.97,4.35,521.15,42.62,43.53,8.83,42.96,0.43,6.85,39.5,4.87,4.94,11.51,0.97,33.93,1.8
2024/6/25,159.57,202.48,171.28,116.84,178.83,15.24,22.96,15.13,106.15,97.67,8.81,423.37,21.91,20.44,1.91,2.72,117.99,4.37,520.11,42.54,43.45,8.9,42.94,0.43,6.9,39.93,4.85,4.93,11.52,0.97,33.91,1.81
2024/6/26,159.78,202.66,171.08,116.94,178.41,15.19,22.94,15.03,106.13,97.72,8.75,423.93,21.92,20.46,1.92,2.72,117.91,4.35,521.14,42.59,43.51,8.8,41.56,0.43,6.9,39.79,4.85,4.92,11.49,0.98,33.95,1.83
2024/6/27,160.77,202.76,171.62,117.25,179.07,15.19,23.01,15.04,106.75,97.59,8.85,426.56,22.01,20.59,1.92,2.73,118.28,4.36,524.02,42.86,43.78,8.77,43.01,0.43,6.89,39.8,4.9,4.93,11.55,0.98,34.06,1.82
2024/6/28,161.14,203.54,172.44,117.46,179.12,15.14,23.11,15.11,107.05,97.91,8.72,428.56,22.05,20.63,1.93,2.75,118.6,4.36,525.4,42.97,43.87,8.72,43.12,0.44,6.88,40,4.91,4.95,11.62,0.98,34.17,1.89
2024/7/1,161.23,203.94,173.26,117.91,179.16,15.25,23.23,15.12,107.49,98.32,8.93,427.78,22.08,20.64,1.93,2.76,118.98,4.39,525.86,42.98,43.9,8.82,43.37,0.44,6.91,40.06,4.93,4.96,11.66,0.98,34.2,1.88
2024/7/2,161.71,204.37,173.55,117.68,178.88,15.21,23.27,15.16,107.49,97.95,8.8,429.05,22.13,20.7,1.94,2.76,119.03,4.39,527.6,43.11,44.03,8.8,43.5,0.44,6.9,40.18,4.95,4.96,11.67,0.99,34.27,1.86
2024/7/3,161.57,205.05,173.69,118.14,178.73,15.29,23.28,15.15,107.8,98.23,8.69,428.68,22.11,20.68,1.94,2.75,119.12,4.4,527.32,43.07,43.99,8.85,43.38,0.44,6.9,40.36,4.96,4.96,11.65,0.99,34.29,1.84
2024/7/4,161.55,205.99,174.34,118.52,179.24,15.41,23.37,15.31,108.48,98.77,8.77,428.63,22.13,20.68,1.94,2.76,119.44,4.42,527.42,43.07,43.99,8.89,43.38,0.44,6.94,40.51,4.96,4.96,11.69,0.99,34.3,1.82
2024/7/5,161.16,205.72,174.29,118.42,179.05,15.35,23.37,15.26,108.48,98.58,8.84,427.59,22.1,20.63,1.93,2.75,119.3,4.41,526.49,42.96,43.88,8.92,43.27,0.44,6.94,40.72,4.94,4.97,11.7,0.99,34.25,1.81
2024/7/8,160.79,205.88,173.99,117.84,179.45,15.31,23.32,15.21,108.37,98.66,8.85,426.61,22.04,20.58,1.93,2.75,119.18,4.41,525.63,42.86,43.78,8.88,43.14,0.44,6.92,40.61,4.94,4.96,11.66,0.99,34.16,1.83
2024/7/9,160.98,206.18,174.28,118,179.17,15.21,23.36,15.17,108.4,98.58,8.9,427.12,22.09,20.61,1.93,2.75,119.25,4.42,525.91,42.92,43.83,8.95,43.17,0.44,6.92,40.85,4.92,4.95,11.63,0.99,34.2,1.84
2024/7/10,161.57,206.62,174.72,118.5,179.9,15.31,23.42,15.24,108.82,98.98,8.9,428.68,22.16,20.68,1.94,2.76,119.6,4.44,528.18,43.08,43.99,9.03,43.22,0.44,6.92,41.04,4.91,4.96,11.66,0.99,34.34,1.84
2024/7/11,161.74,207.93,175.23,118.74,179.81,15.34,23.49,15.09,109.13,98.48,8.93,429.13,22.18,20.71,1.94,2.78,119.93,4.46,528.73,43.13,44.04,9.07,43.25,0.45,6.9,41.09,4.93,4.96,11.71,1,34.48,1.83
2024/7/12,159.21,205.54,173.03,116.78,177.61,15.14,23.2,14.83,107.64,96.86,8.86,422.42,21.9,20.39,1.91,2.74,118.49,4.41,520.12,42.45,43.35,8.97,41.3,0.44,6.83,40.58,4.84,4.9,11.58,0.98,34.1,1.82
2024/7/16,158.43,205.44,172.55,115.78,176.82,14.93,23.12,14.64,106.97,96.09,8.71,420.35,21.78,20.29,1.9,2.71,117.85,4.39,517.75,42.24,43.14,8.94,42.35,0.44,6.8,40.58,4.81,4.86,11.42,0.98,33.93,1.8
2024/7/17,158.57,205.68,172.81,115.93,177.31,14.97,23.17,14.69,106.73,96.38,8.78,420.72,21.76,20.31,1.9,2.72,117.98,4.42,519.39,42.28,43.18,8.98,42.37,0.44,6.82,40.33,4.8,4.87,11.47,0.98,33.93,1.79
2024/7/18,155.87,202.69,170.46,113.92,176.32,14.78,22.85,14.54,104.76,94.71,8.57,413.56,21.44,19.97,1.87,2.67,116.34,4.34,510.55,41.56,42.44,8.79,40.39,0.44,6.75,39.76,4.72,4.79,11.31,0.97,33.46,1.76
2024/7/19,157.49,203.87,171.52,114.86,177.27,14.84,22.99,14.55,105.5,95.09,8.63,417.97,21.64,20.16,1.88,2.7,117.16,4.36,514.51,41.99,42.88,8.77,40.81,0.44,6.79,39.95,4.77,4.82,11.36,0.98,33.7,1.78
2024/7/22,157.48,203.59,171.54,114.85,177.24,14.78,22.99,14.44,105.32,94.71,8.64,417.83,21.61,20.16,1.88,2.7,117.13,4.33,515.82,41.99,42.88,8.74,42.06,0.44,6.8,40.04,4.76,4.8,11.35,0.97,33.63,1.79
2024/7/23,156.78,202.69,170.69,113.88,176.22,14.61,22.87,14.28,104.02,93.57,8.59,415.97,21.48,20.08,1.87,2.69,116.52,4.32,513.53,41.8,42.69,8.73,41.86,0.44,6.76,39.87,4.76,4.77,11.3,0.97,33.5,1.78
2024/7/24,155.89,201.04,169.06,113.1,174.73,14.46,22.66,14.14,103.01,92.68,8.47,413.61,21.38,19.96,1.86,2.67,115.78,4.31,510.28,41.56,42.45,8.59,41.61,0.43,6.66,39.51,4.75,4.75,11.25,0.96,33.36,1.77
2024/7/25,153.38,197.81,166.26,110.98,173.31,14.23,22.28,13.89,100.62,90.77,8.36,406.95,21.11,19.64,1.83,2.62,114.11,4.26,502.39,40.89,41.76,8.34,41.01,0.42,6.55,38.7,4.67,4.68,11.08,0.95,32.86,1.78
2024/7/26,154.06,198.03,167.17,111.47,174.73,14.23,22.4,13.97,100.83,90.7,8.39,408.76,21.25,19.74,1.84,2.63,114.7,4.26,504.29,41.07,41.95,8.36,41.09,0.43,6.59,39,4.67,4.72,11.12,0.95,33.04,1.81
2024/7/29,153.75,198.08,167,111.24,173.98,14.23,22.38,13.98,100.94,90.65,8.42,407.93,21.16,19.69,1.84,2.63,114.58,4.28,503.44,40.99,41.86,8.34,41.01,0.43,6.59,39.08,4.68,4.69,11.12,0.94,33.09,1.79
2024/7/30,154.08,198.04,166.64,111.23,173.79,14.21,22.33,13.99,100.86,90.54,8.36,408.81,21.19,19.73,1.84,2.63,114.71,4.28,503.69,41.07,41.95,8.26,41.08,0.42,6.56,38.83,4.66,4.69,11.13,0.95,33.24,1.79
2024/7/31,152.46,195.79,164.9,110.04,172.9,14.16,22.1,13.92,99.65,90.03,8.33,404.51,21.07,19.51,1.82,2.6,113.68,4.26,499.38,40.64,41.51,8.11,39.4,0.42,6.5,38.49,4.6,4.65,11.04,0.94,33.05,1.78
2024/8/1,149.68,192.41,162.04,108.39,170.52,13.99,21.71,13.72,97.85,89.19,8.22,397.13,20.74,19.16,1.79,2.57,112.02,4.22,490.27,39.89,40.75,8.03,39.95,0.41,6.38,37.76,4.52,4.58,10.94,0.92,32.79,1.74
2024/8/2,149.52,190.23,161.35,107.7,171.31,13.92,21.62,13.65,97.04,88.77,8.17,396.6,20.62,19.13,1.79,2.57,111.86,4.2,488.95,39.85,40.71,7.9,38.62,0.41,6.38,37.51,4.51,4.56,10.87,0.92,32.85,1.75
2024/8/5,145.39,185.95,158.72,104.71,170.13,13.74,21.27,13.24,94.33,86.55,7.94,385.75,20.39,18.7,1.74,2.51,109.7,4.11,476.22,38.75,39.59,7.47,38.72,0.4,6.28,37,4.38,4.45,10.67,0.9,32.86,1.7
2024/8/6,145.03,185.58,158.94,105.1,169.71,13.8,21.3,13.21,94.72,86.64,7.87,384.8,20.31,18.61,1.73,2.51,109.61,4.08,473.8,38.64,39.49,7.54,38.59,0.4,6.29,36.94,4.36,4.44,10.61,0.9,32.61,1.71
2024/8/7,144.91,184.08,158.37,105.17,169.66,13.77,21.22,13.29,94.73,86.9,7.84,384.48,20.23,18.59,1.73,2.51,109.35,4.08,474.18,38.6,39.46,7.42,38.55,0.4,6.27,36.72,4.32,4.42,10.54,0.9,32.42,1.69
2024/8/8,146.24,185.4,159.8,106.35,170.28,13.96,21.41,13.52,95.28,87.66,7.95,388.01,20.4,18.77,1.74,2.54,110.23,4.11,478.38,38.96,39.82,7.57,38.89,0.4,6.32,36.99,4.36,4.48,10.6,0.91,32.68,1.71
2024/8/9,147.66,188.15,161.14,107.43,170.43,14.02,21.59,13.61,97.25,88.68,8.04,391.78,20.54,18.94,1.76,2.57,111.34,4.19,482.39,39.37,40.2,7.83,39.34,0.41,6.39,37.31,4.41,4.55,10.73,0.93,33,1.71
2024/8/13,147.35,188.11,161.04,107.19,169.99,13.99,21.58,13.61,96.96,88.75,8.08,390.95,20.52,18.91,1.76,2.57,111.27,4.2,481.38,39.26,40.12,7.74,39.17,0.41,6.39,37.44,4.41,4.54,10.75,0.92,33.17,1.62
2024/8/14,147.12,189.27,161.71,107.33,169.96,14.06,21.67,13.71,97.69,89.46,8.13,390.34,20.57,18.89,1.75,2.58,111.7,4.21,480.47,39.19,40.06,7.74,39.1,0.41,6.43,37.7,4.39,4.55,10.8,0.93,33.26,1.6
2024/8/15,147.34,189.01,162.21,107.42,170.2,14.08,21.74,13.74,97.17,88.36,8.16,390.82,20.6,18.91,1.76,2.59,111.9,4.2,481.5,39.26,40.12,7.84,39.13,0.41,6.46,37.83,4.38,4.57,10.86,0.94,33.26,1.64
2024/8/16,149.13,191.81,163.63,108.59,170.98,14.14,21.93,13.88,98.6,89.3,8.29,396.62,20.76,19.12,1.78,2.61,112.83,4.26,487.19,39.74,40.6,8,39.58,0.41,6.49,38.17,4.44,4.6,10.95,0.95,33.51,1.68
2024/8/19,147.89,191.43,163.11,108.17,170.56,14.17,21.86,13.84,98.79,89.61,8.28,392.28,20.65,18.97,1.76,2.59,112.49,4.29,484.41,39.43,40.27,7.94,39.25,0.41,6.47,38.19,4.39,4.6,11,0.94,33.76,1.65
2024/8/20,146.47,190.21,162.29,107.4,169.86,14.2,21.75,13.88,98.5,89.58,8.27,388.62,20.54,18.81,1.75,2.59,112.01,4.27,479.13,39.04,39.88,7.84,38.95,0.41,6.46,38.05,4.34,4.59,11,0.94,33.59,1.63
2024/8/21,145.6,189.75,161.98,106.91,170.51,14.26,21.71,13.88,98.29,89.72,8.19,387.23,20.44,18.69,1.74,2.57,111.53,4.27,476.91,38.8,39.64,7.66,38.72,0.41,6.45,37.91,4.3,4.56,10.96,0.94,33.39,1.6
2024/8/22,145.45,190.39,162.1,107.04,170.68,14.27,21.72,13.84,98.09,89.52,8.15,385.91,20.4,18.67,1.73,2.57,111.42,4.25,476.42,38.77,39.61,7.55,38.56,0.41,6.47,37.88,4.3,4.56,10.92,0.94,33.31,1.59
2024/8/23,146.29,191.65,162.67,107.53,171.7,14.3,21.8,13.83,98.18,89.91,8.13,388.14,20.47,18.76,1.74,2.6,111.68,4.25,478.85,38.99,39.83,7.51,38.78,0.41,6.49,37.97,4.33,4.57,10.92,0.94,33.36,1.6
2024/8/26,143.58,189.76,160.78,106.33,169.72,14.1,21.55,13.75,97.53,89.42,8.11,380.95,20.19,18.41,1.71,2.55,110.44,4.24,471.37,38.27,39.09,7.47,38.12,0.41,6.43,37.72,4.23,4.53,10.87,0.93,33.06,1.57
2024/8/27,144.88,190.97,161.64,107.42,170.91,14.18,21.67,13.74,97.98,89.74,8.17,384.4,20.33,18.57,1.73,2.58,111.04,4.26,474.39,38.62,39.45,7.47,38.39,0.41,6.45,37.74,4.27,4.55,10.89,0.94,33.27,1.58
2024/8/28,144.29,191.3,161.23,107.32,171.33,14.2,21.62,13.79,97.94,90.12,8.14,383.75,20.24,18.49,1.72,2.56,110.86,4.26,473.08,38.46,39.29,7.31,37.07,0.41,6.44,37.68,4.24,4.52,10.84,0.93,33.25,1.58
2024/8/29,144.54,190.87,160.86,107.3,171.56,14.2,21.56,13.78,98.21,90.42,8.12,384.41,20.25,18.53,1.72,2.57,110.91,4.25,474.21,38.52,39.36,7.36,38.29,0.41,6.42,37.47,4.25,4.52,10.82,0.94,33.33,1.58
2024/8/30,144.89,190.82,160.49,107.42,170.98,14.18,21.52,13.8,98.48,90.83,8.17,385.35,20.41,18.58,1.73,2.58,111.25,4.26,475.05,38.62,39.45,7.31,37.19,0.41,6.41,37.49,4.27,4.54,10.86,0.94,33.58,1.59
2024/9/2,146.23,192.06,161.64,108.43,172.02,14.25,21.67,13.79,99.07,91.38,8.19,387.98,20.6,18.75,1.74,2.6,111.97,4.29,479.44,38.97,39.81,7.41,38.74,0.41,6.45,37.74,4.29,4.57,10.92,0.95,33.75,1.62
2024/9/3,147.18,193.34,162.77,109.01,172.65,14.35,21.82,13.88,99.82,91.52,8.26,391.44,20.67,18.88,1.75,2.61,112.52,4.29,481.77,39.22,40.08,7.42,38.99,0.41,6.5,38.13,4.35,4.59,10.98,0.95,33.72,1.64
2024/9/4,145.35,190.48,160.55,107.25,171.22,14.1,21.53,13.59,97.36,89.78,8.09,386.57,20.42,18.64,1.73,2.57,111.17,4.24,475.93,38.75,39.58,7.33,38.43,0.41,6.4,37.49,4.28,4.53,10.83,0.94,33.38,1.65
2024/9/5,143.84,189.05,159.33,106.47,169.76,13.99,21.36,13.5,96.7,88.94,8.05,382.55,20.23,18.45,1.71,2.55,110.31,4.24,471.3,38.33,39.17,7.22,38.1,0.41,6.37,37.3,4.23,4.48,10.76,0.93,33.17,1.65
2024/9/6,143.27,188.77,159.22,106.12,169.85,13.98,21.34,13.48,96.59,89.14,8.09,381.04,20.22,18.38,1.71,2.56,110.27,4.27,469.89,38.17,39.01,7.2,37.88,0.41,6.37,37.16,4.22,4.47,10.76,0.93,33.09,1.63
2024/9/9,142.8,187.52,158.29,105.28,169.07,13.85,21.21,13.33,95.23,88.18,8.01,378.88,20.1,18.31,1.7,2.54,109.53,4.24,468.2,38.04,38.88,7.15,37.76,0.4,6.33,36.99,4.2,4.46,10.66,0.93,32.84,1.58
2024/9/10,143.51,187.47,158.29,105.76,168.86,13.82,21.22,13.22,95.42,87.94,8.02,380.76,20.14,18.4,1.71,2.55,109.81,4.24,470.52,38.24,39.08,7.21,37.92,0.4,6.31,37.04,4.21,4.47,10.67,0.93,32.88,1.59
2024/9/11,142.13,185.76,156.64,104.42,167.88,13.7,20.99,13.12,94.53,87.3,7.92,377.1,19.91,18.23,1.69,2.52,108.92,4.23,465.24,37.88,38.7,7.07,37.55,0.39,6.24,36.61,4.18,4.42,10.58,0.92,32.75,1.56
2024/9/12,142.88,186.3,157.23,105.21,167.44,13.75,21.07,13.14,95.39,87.61,7.97,379.19,20.02,18.32,1.7,2.55,109.49,4.23,467.39,38.08,38.9,7.21,36.61,0.4,6.27,36.69,4.2,4.45,10.66,0.93,32.97,1.56
2024/9/13,141.61,186.1,156.95,104.36,166.54,13.8,21.03,13.23,95.26,87.63,7.98,376.62,19.91,18.15,1.69,2.52,108.94,4.25,463.84,37.74,38.56,7.26,36.27,0.4,6.25,36.64,4.17,4.42,10.63,0.92,32.78,1.59
2024/9/17,140.78,185.84,156.56,103.55,166.6,13.81,20.98,13.28,94.91,87.06,7.99,374.41,19.83,18.06,1.68,2.53,108.62,4.23,461.57,37.51,38.33,7.32,37.17,0.4,6.23,36.62,4.13,4.42,10.66,0.91,32.79,1.54
2024/9/18,141.62,186.51,157.57,104.22,167.44,13.9,21.12,13.35,95.85,87.8,8.05,376.65,19.93,18.17,1.69,2.54,109.32,4.25,464.33,37.73,38.56,7.41,37.44,0.4,6.29,36.78,4.15,4.44,10.73,0.92,33.24,1.55
2024/9/19,143.65,189.26,159.25,105.36,168.98,14.03,21.35,13.52,96.91,88.95,8.16,382.05,20.22,18.43,1.72,2.58,110.61,4.3,471.14,38.28,39.11,7.46,37.89,0.4,6.34,37.3,4.22,4.49,10.79,0.94,33.74,1.56
2024/9/20,142.67,189.45,159.18,105.17,168.38,14.04,21.34,13.58,97.1,88.97,8.14,379.44,20.17,18.3,1.71,2.57,110.39,4.32,468.38,38.02,38.85,7.38,36.47,0.4,6.35,37.26,4.19,4.48,10.72,0.94,33.93,1.55
2024/9/24,143.72,191.81,159.59,106.21,169.58,14.09,21.4,13.68,98.12,89.95,8.29,381.32,20.35,18.46,1.72,2.57,111.32,4.37,470.9,38.31,39.13,7.39,36.73,0.4,6.36,37.36,4.21,4.49,10.76,0.95,34.24,1.57
2024/9/25,143.34,192.39,160.43,106.79,170.24,14.2,21.51,13.78,98.8,91.02,8.3,380.31,20.46,18.42,1.72,2.55,111.68,4.4,470.43,38.21,39.03,7.42,37.78,0.41,6.4,37.73,4.2,4.5,10.8,0.94,34.91,1.55
2024/9/26,144.61,192.72,160.98,107.32,170.09,14.21,21.59,13.69,98.74,90.54,8.37,383.68,20.58,18.58,1.73,2.58,112.28,4.43,473.2,38.55,39.37,7.36,36.95,0.41,6.41,37.7,4.23,4.52,10.87,0.96,34.89,1.56
2024/9/27,145.53,195.05,162.6,107.92,171.72,14.37,21.8,13.79,100.31,92.06,8.47,386.12,20.81,18.71,1.74,2.6,113.3,4.49,477.62,38.8,39.63,7.42,37.17,0.41,6.47,38.06,4.27,4.59,11.03,0.96,35.34,1.57
2024/9/30,142.82,191.08,159.53,105.66,169.82,14.17,21.39,13.6,98.83,90.8,8.36,378.93,20.47,18.38,1.71,2.55,111.56,4.41,468.42,38.08,38.89,7.25,36.45,0.4,6.35,37.33,4.18,4.52,10.93,0.94,34.79,1.52
2024/10/1,144.08,192.74,160.36,106.48,170.31,14.17,21.51,13.66,99.62,91.43,8.34,382.28,20.53,18.54,1.72,2.56,112.11,4.43,472.7,38.41,39.23,7.32,37.92,0.4,6.36,37.45,4.21,4.53,10.94,0.95,34.74,1.55
2024/10/2,143.89,191.06,159.19,106.69,170,14,21.34,13.55,99,90.49,8.28,381.67,20.47,18.52,1.72,2.55,111.72,4.43,471.15,38.36,39.18,7.33,36.71,0.4,6.29,37.16,4.21,4.51,10.87,0.95,34.56,1.5
2024/10/3,147.13,195.09,162.42,108.9,172.95,14.31,21.77,13.9,101.2,91.91,8.48,390.37,20.89,18.95,1.75,2.62,113.7,4.47,482.08,39.21,40.06,7.57,38.71,0.41,6.4,37.86,4.31,4.61,11.1,0.96,35.03,1.54
2024/10/4,146.74,192.68,161.9,108.3,172.19,14.23,21.71,13.85,100.52,91.23,8.4,389.33,20.81,18.9,1.75,2.6,113.19,4.43,479.7,39.09,39.96,7.59,37.4,0.4,6.39,37.6,4.3,4.57,11.01,0.95,34.79,1.55
2024/10/7,148.47,194.85,162.87,109.31,172.9,14.31,21.84,13.91,101,91.5,8.49,394.03,20.93,19.12,1.77,2.64,113.8,4.44,485.67,39.55,40.42,7.7,39.02,0.41,6.43,37.74,4.34,4.6,11.04,0.96,34.85,1.56
2024/10/8,147.87,193.69,162.35,108.59,173.05,14.3,21.78,13.89,100.09,90.85,8.52,392.44,20.94,19.04,1.76,2.6,113.5,4.43,483.55,39.39,40.26,7.67,38.93,0.4,6.4,37.58,4.32,4.6,10.99,0.94,34.56,1.54
2024/10/9,148.26,194.28,162.77,108.58,172.96,14.35,21.82,13.84,99.91,90.91,8.44,393.58,20.97,19.07,1.77,2.61,113.74,4.43,484.51,39.5,40.37,7.66,39.02,0.41,6.43,37.82,4.34,4.6,11.07,0.95,34.61,1.53
2024/10/10,149.42,195.32,163.47,108.98,173.54,14.37,21.92,13.86,100.43,90.68,8.48,396.66,21.09,19.22,1.78,2.62,114.33,4.47,487.98,39.83,40.69,7.68,39.16,0.41,6.46,38.06,4.36,4.63,11.08,0.96,34.85,1.54
2024/10/11,148.62,194.16,162.55,108.08,173.44,14.31,21.78,13.83,100.18,90.58,8.49,394.53,20.99,19.13,1.77,2.59,113.86,4.44,485.85,39.58,40.47,7.64,39.1,0.41,6.41,37.81,4.35,4.61,11.02,0.95,34.69,1.54
2024/10/15,149.68,195.57,163.27,108.48,173.64,14.35,21.88,13.87,100.69,91.17,8.53,397.35,21.1,19.28,1.78,2.6,114.47,4.51,488.83,39.86,40.75,7.71,39.34,0.41,6.46,38.04,4.37,4.65,11.02,0.96,34.86,1.59
2024/10/16,149.3,195.05,162.5,108.29,173.04,14.33,21.78,13.77,99.69,90.28,8.45,396.13,20.92,19.22,1.78,2.59,114,4.48,486.32,39.78,40.65,7.58,39.24,0.41,6.44,37.87,4.37,4.63,10.93,0.96,34.66,1.55
2024/10/17,149.64,194.4,162.52,108.79,172.79,14.24,21.78,13.72,100.09,90.68,8.5,397.24,20.98,19.25,1.78,2.59,114.05,4.52,488.7,39.85,40.74,7.52,39.24,0.4,6.44,37.77,4.38,4.65,10.96,0.97,34.82,1.54
2024/10/18,150.14,195.42,162.62,108.8,173.27,14.24,21.8,13.75,100.56,90.98,8.5,398.57,21.04,19.32,1.79,2.6,114.29,4.53,490.17,39.98,40.88,7.58,39.44,0.41,6.45,37.77,4.41,4.67,10.95,0.97,34.86,1.56
2024/10/21,149.44,194.96,162.35,108.23,172.66,14.2,21.77,13.68,100.21,90.77,8.49,396.39,21,19.24,1.78,2.6,114.03,4.52,487.73,39.79,40.69,7.51,39.18,0.41,6.44,37.73,4.37,4.67,10.92,0.97,34.74,1.54
2024/10/22,150.76,195.76,163.06,108.98,174.19,14.28,21.87,13.76,100.38,90.89,8.56,400.11,21.12,19.39,1.79,2.62,114.52,4.5,491.72,40.14,41.05,7.55,39.5,0.41,6.46,37.74,4.41,4.7,10.91,0.97,34.87,1.56
2024/10/23,151.44,196.55,163.59,109.53,174.77,14.35,21.93,13.87,101.01,91.39,8.64,402.02,21.2,19.49,1.8,2.62,114.98,4.52,494.9,40.33,41.24,7.59,38.45,0.41,6.48,37.81,4.43,4.73,10.96,0.97,34.97,1.58
2024/10/24,152.79,197.5,164.83,110.52,176.29,14.44,22.1,13.93,101.42,91.83,8.6,405.6,21.43,19.67,1.82,2.63,115.57,4.53,499.15,40.69,41.6,7.71,40,0.41,6.54,37.91,4.47,4.77,11.06,0.98,35.17,1.59
2024/10/25,152.16,197.35,164.67,109.85,175.6,14.4,22.07,13.92,100.93,91.36,8.62,403.93,21.35,19.58,1.81,2.63,115.35,4.53,497.58,40.52,41.43,7.68,39.84,0.41,6.54,37.89,4.45,4.75,11.02,0.98,35.04,1.58
2024/10/28,153.47,198.93,165.7,110.49,176.5,14.45,22.21,13.96,101.35,91.68,8.68,407.41,21.47,19.74,1.83,2.62,115.94,4.55,499.58,40.89,41.79,7.69,38.92,0.41,6.56,38.12,4.49,4.78,11.06,0.98,35.26,1.58
2024/10/29,152.97,198.51,165.38,110.11,176.8,14.36,22.18,13.9,100.55,91.4,8.64,406.08,21.4,19.68,1.82,2.63,115.62,4.54,499.74,40.74,41.65,7.63,40.09,0.41,6.52,38.02,4.47,4.77,11.05,0.97,35.13,1.58
2024/10/30,153.34,199.57,165.96,110.21,176.76,14.41,22.25,13.99,100.59,91.54,8.69,407.06,21.46,19.73,1.83,2.63,115.85,4.56,500.95,40.86,41.75,7.65,40.18,0.41,6.54,38.25,4.48,4.78,11.08,0.97,35.11,1.57
2024/10/31,153.65,199.02,166.74,110.39,177.3,14.38,22.35,14,100.86,91.64,8.7,407.88,21.54,19.77,1.83,2.64,116.13,4.55,501.96,40.92,41.84,7.61,38.93,0.41,6.58,38.32,4.48,4.81,11.14,0.98,35.12,1.59
2024/11/1,152.05,196.13,165.52,109.11,176.07,14.29,22.19,13.82,99.93,90.76,8.64,403.64,21.34,19.56,1.81,2.61,115.19,4.5,494.95,40.52,41.39,7.58,38.53,0.41,6.55,38.04,4.44,4.77,11.05,0.97,34.86,1.56
2024/11/5,152.43,197.46,165.77,109.65,176.4,14.21,22.23,13.85,100.33,91,8.7,404.65,21.42,19.61,1.81,2.61,115.46,4.5,498.14,40.61,41.5,7.59,39.89,0.41,6.54,38.08,4.44,4.78,11.07,0.97,34.87,1.55
2024/11/6,152.8,198.12,165.74,110.08,176.08,14.17,22.23,13.83,100.8,91.25,8.72,405.63,21.41,19.66,1.82,2.61,115.67,4.52,497.4,40.68,41.6,7.52,38.66,0.41,6.54,38.02,4.47,4.79,11.03,0.97,35.07,1.56
2024/11/7,154.68,199.32,165.83,110.98,176.31,14.24,22.23,13.94,101.59,91.79,8.76,410.62,21.48,19.9,1.84,2.63,115.97,4.51,504.67,41.18,42.12,7.67,40.37,0.4,6.54,38.06,4.53,4.79,11.03,0.98,35.02,1.59
2024/11/8,153.16,198.85,165.27,110.35,175.4,14.31,22.16,14.09,102.13,92.23,8.84,406.04,21.41,19.71,1.82,2.62,115.95,4.5,499.06,40.8,41.7,7.74,39.96,0.41,6.55,38.36,4.47,4.77,11.05,0.97,34.93,1.56
2024/11/11,153.13,197.72,164.06,110.06,174.71,14.15,22,13.92,100.91,91.34,8.69,406.29,21.28,19.69,1.82,2.62,115.33,4.47,498.47,40.78,41.69,7.61,39.95,0.4,6.49,37.91,4.46,4.75,10.96,0.98,34.87,1.57
2024/11/12,153.82,197.95,163.94,110.49,174.66,14.19,21.98,13.95,101.09,91.77,8.58,408.12,21.29,19.78,1.82,2.62,115.35,4.46,500.88,40.96,41.88,7.55,40.19,0.4,6.47,37.57,4.48,4.75,10.98,0.98,34.86,1.6
2024/11/13,154.97,197.42,164.5,111.1,175.58,14.2,22.06,13.98,101.07,91.71,8.55,411.39,21.38,19.92,1.84,2.64,115.69,4.45,503.97,41.25,42.19,7.52,40.39,0.4,6.48,37.79,4.51,4.78,11,0.98,34.94,1.59
2024/11/14,155.78,197.98,164.55,111.34,175.86,14.18,22.06,13.99,101.16,91.6,8.55,413.1,21.51,20.02,1.85,2.65,115.99,4.47,506.44,41.47,42.41,7.59,39.35,0.4,6.51,37.91,4.54,4.8,11.1,0.99,34.89,1.58
2024/11/15,156.84,198.61,165.11,111.48,176.09,14.26,22.14,14.06,101.15,91.63,8.57,416.46,21.63,20.15,1.86,2.67,116.55,4.5,510.55,41.79,42.7,7.66,40.95,0.41,6.53,38.21,4.58,4.81,11.15,0.99,34.95,1.57
2024/11/18,154.37,195.08,162.83,109.65,173.94,14.09,21.83,13.94,99.92,90.69,8.51,409.9,21.34,19.83,1.83,2.63,115.18,4.45,502.02,41.13,42.03,7.6,40.21,0.4,6.44,37.69,4.48,4.75,11.1,0.97,34.57,1.54
2024/11/19,154.48,195.73,163.61,110.13,174.85,14.13,21.93,14.02,100.37,90.82,8.6,410.09,21.37,19.85,1.83,2.63,115.36,4.47,503.36,41.16,42.06,7.65,40.3,0.4,6.47,37.76,4.48,4.76,11.09,0.97,34.6,1.55
2024/11/20,154.92,196.61,164.28,111.01,175.51,14.2,22.02,14.13,101.3,91.67,8.59,410.71,21.42,19.91,1.84,2.63,115.87,4.5,502.82,41.27,42.18,7.71,40.33,0.4,6.5,37.93,4.49,4.79,11.13,0.98,34.7,1.54
2024/11/21,155.12,196.35,163.59,111.02,175.55,14.07,21.93,14,101.03,91.21,8.56,411.79,21.4,19.93,1.84,2.63,115.55,4.49,505.44,41.32,42.23,7.65,40.36,0.4,6.47,37.74,4.51,4.78,11.1,0.98,34.72,1.55
2024/11/22,154.52,194.51,161.84,110.59,174.21,13.96,21.69,13.93,100.7,90.46,8.53,410.3,21.29,19.85,1.83,2.62,114.77,4.45,503.16,41.16,42.07,7.56,40.21,0.39,6.39,37.25,4.47,4.74,11.03,0.97,34.53,1.52
2024/11/25,154.25,194.36,161.73,110.7,173.22,14.07,21.68,14.04,100.99,90.41,8.57,409.15,21.3,19.82,1.83,2.62,114.9,4.49,501.46,41.1,42,7.59,40.2,0.39,6.39,37.29,4.47,4.73,10.99,0.97,34.62,1.48
2024/11/26,154.25,193.15,161.11,109.06,173.61,13.95,21.6,13.83,99.49,89.68,8.48,409.26,21.22,19.82,1.83,2.61,114.2,4.45,501.63,41.08,42,7.48,38.86,0.39,6.36,37.38,4.46,4.74,10.97,0.97,34.56,1.48
2024/11/27,152.92,192.27,160.37,108.81,172.63,13.93,21.51,13.7,99,89.17,8.43,405.73,21.06,19.65,1.81,2.59,113.54,4.42,497.62,40.71,41.64,7.41,38.52,0.39,6.34,37.3,4.42,4.71,10.95,0.96,34.33,1.45
2024/11/28,151.74,192.32,160.13,108.25,171.79,13.89,21.47,13.68,98.63,89.5,8.35,402.6,20.92,19.5,1.8,2.59,113.03,4.4,493.3,40.41,41.31,7.44,38.21,0.39,6.35,37.25,4.38,4.68,10.89,0.95,34.18,1.34
2024/11/29,150.81,191.57,159.23,107.6,171.08,13.81,21.36,13.67,98.09,88.93,8.33,400.13,20.81,19.37,1.79,2.57,112.46,4.38,489.48,40.15,41.06,7.38,39.26,0.39,6.31,37.01,4.36,4.63,10.8,0.95,34,1.4
2024/12/2,150.2,190.66,158.27,107.04,170.06,13.72,21.22,13.56,97.58,88.62,8.28,398.41,20.69,19.3,1.78,2.56,111.89,4.35,487.98,39.98,40.9,7.35,37.79,0.38,6.27,36.84,4.33,4.62,10.74,0.95,33.79,1.41
2024/12/3,149.96,189.76,157.31,106.76,168.97,13.63,21.09,13.49,97.1,88.18,8.27,397.98,20.57,19.27,1.77,2.56,111.38,4.35,488.31,39.92,40.83,7.35,38.93,0.38,6.24,36.69,4.32,4.6,10.7,0.94,33.59,1.41
2024/12/4,149.78,189.73,157.27,106.41,168.8,13.6,21.09,13.51,96.86,87.97,8.26,397.4,20.5,19.24,1.77,2.56,111.25,4.35,488.04,39.87,40.78,7.37,38.87,0.38,6.25,36.6,4.32,4.6,10.58,0.94,33.53,1.43
2024/12/5,150.43,191,158.15,106.85,170.09,13.77,21.2,13.62,96.64,88.09,8.28,398.81,20.67,19.33,1.78,2.59,111.98,4.4,489.68,40.04,40.96,7.41,39.1,0.38,6.28,36.97,4.34,4.65,10.64,0.94,33.93,1.43
2024/12/6,150.07,191.47,158.73,106.95,170.73,13.82,21.29,13.6,96.68,88.23,8.33,398.27,20.64,19.28,1.77,2.6,112.1,4.39,488.51,39.96,40.86,7.43,38.91,0.38,6.32,37.24,4.32,4.64,10.6,0.95,33.94,1.49
2024/12/9,149.86,190.97,158.24,105.88,170.51,13.7,21.22,13.43,95.84,87.43,8.32,397.51,20.58,19.26,1.77,2.59,111.67,4.4,487.35,39.89,40.8,7.42,38.93,0.38,6.31,37.1,4.3,4.63,10.52,0.95,33.92,1.49
2024/12/10,151.55,193.21,159.92,106.91,172.39,13.89,21.44,13.62,97.43,88.64,8.52,402.1,20.85,19.5,1.79,2.61,113.01,4.49,493.97,40.34,41.27,7.5,39.36,0.39,6.36,37.53,4.36,4.67,10.61,0.96,34.26,1.52
2024/12/11,151.88,194.07,159.96,107.2,172,13.85,21.45,13.63,96.9,88.12,8.53,402.33,20.92,19.54,1.79,2.62,113.25,4.51,494.4,40.43,41.35,7.54,38.12,0.39,6.38,37.58,4.36,4.67,10.62,0.96,34.32,1.47
2024/12/12,152.36,194.49,159.98,107.73,172.35,13.9,21.46,13.7,97.56,88.34,8.63,404.14,20.95,19.59,1.8,2.61,113.39,4.51,495.96,40.55,41.49,7.57,39.46,0.39,6.37,37.47,4.37,4.68,10.64,0.96,34.43,1.45
2024/12/13,153.04,194.01,160.37,107.58,171.51,13.89,21.5,13.73,97.43,88.18,8.61,406.05,21.04,19.69,1.8,2.63,113.62,4.52,498.5,40.74,41.67,7.57,39.7,0.39,6.4,37.49,4.39,4.7,10.69,0.96,34.45,1.46
2024/12/16,153.93,194.46,161.9,108.23,172.63,14.04,21.71,13.82,98.01,88.82,8.62,408.41,21.14,19.8,1.82,2.62,114.2,4.51,500.26,40.97,41.91,7.65,39.93,0.4,6.46,37.97,4.41,4.74,10.73,0.96,34.61,1.48
2024/12/17,154.29,195.92,162.53,108.39,172.64,14.19,21.79,13.86,98.31,89.26,8.65,409.37,21.16,19.85,1.82,2.63,114.4,4.54,500.78,41.07,42.01,7.67,38.68,0.4,6.49,38.2,4.42,4.75,10.74,0.96,34.7,1.49
2024/12/18,153.75,195.43,161.44,107.42,172.31,14.04,21.64,13.75,97.34,88.45,8.5,407.93,21.11,19.79,1.81,2.61,113.94,4.5,500.49,40.92,41.86,7.63,38.62,0.39,6.44,37.83,4.4,4.73,10.69,0.96,34.51,1.47
2024/12/19,154.93,194.99,160.8,107.2,171.95,13.95,21.55,13.63,96.35,87.13,8.47,410.95,21.17,19.94,1.82,2.63,113.83,4.49,502.04,41.24,42.18,7.61,38.92,0.39,6.4,37.66,4.43,4.75,10.69,0.96,34.41,1.48
2024/12/20,157.94,197.3,163.66,109.52,175.76,14.32,21.94,13.78,98.35,88.75,8.56,418.49,21.6,20.33,1.86,2.68,116.05,4.58,512.79,42.05,43.01,7.77,40.91,0.39,6.52,38.46,4.51,4.84,10.89,0.97,35.07,1.53
2024/12/23,156.73,197.1,163.49,109.14,175.39,14.22,21.92,13.84,97.99,88.49,8.57,415.73,21.49,20.17,1.85,2.67,115.69,4.59,509.03,41.75,42.67,7.82,39.31,0.4,6.52,38.42,4.46,4.82,10.84,0.97,34.87,1.52
2024/12/24,157.45,197.21,163.69,109.45,175.06,14.25,21.94,13.85,98.25,88.8,8.49,417.64,21.56,20.27,1.85,2.69,116.02,4.6,511.37,41.92,42.87,7.81,39.49,0.4,6.53,38.37,4.48,4.82,10.83,0.97,35.11,1.56
2024/12/25,157.28,197.24,163.71,109.4,174.76,14.21,21.95,13.82,98.14,88.75,8.39,416.97,21.52,20.26,1.85,2.69,115.77,4.61,510.82,41.9,42.82,7.8,39.35,0.4,6.49,38.27,4.51,4.81,10.78,0.97,35.08,1.57
2024/12/26,157.43,197.54,163.65,109.66,174.9,14.23,21.94,13.88,98.27,88.96,8.41,417.48,21.56,20.27,1.85,2.7,115.94,4.61,511.47,41.94,42.86,7.81,39.39,0.4,6.51,38.49,4.48,4.82,10.79,0.97,35.24,1.58
2024/12/27,158.18,198.22,164.84,109.75,175.83,14.31,22.09,13.89,98.4,88.91,8.4,419.02,21.66,20.37,1.86,2.72,116.41,4.62,513.4,42.14,43.07,7.83,40.84,0.4,6.57,38.68,4.51,4.83,10.73,0.98,35.47,1.61
2024/12/30,158.17,198.91,164.86,109.78,175.34,14.38,22.11,13.95,98.54,89.18,8.47,419.44,21.67,20.38,1.85,2.73,116.51,4.65,513.87,42.16,43.07,7.77,39.62,0.4,6.55,38.64,4.5,4.82,10.76,0.97,35.46,1.51