id,swingInfoId,swingDate,swingDateAccuracy,dst,userId,profileBirthYear,profileBirthMonth,profileBirthDay,profileGender,profileHeight,clubLength,clubFaceAngle,clubLoftAngle,clubLieAngle,real,clubShaftHardness,clubMakerId,clubId,fwMajorVersion,fwMinorVersion,fwPatchVersion,algMajorVersion,algMinorVersion,swingType,isBroken,serialNo,dataVersion,timeZoneOffset,gpsLongitude,gpsAltitude,gpsLatitude,addressHandFirst,addressLieAngle,impactClubPath,impactHandFirst,impactAttackAngle,impactHeadSpeed,impactLieAngle,impactRelativeFaceAngle,impactPointX,impactShaftRotation,impactPointY,impactFaceAngle,impactGripSpeed,impactLoftAngle,maxHeadSpeed,maxGripSpeed,topFaceAngleToHorizontal,halfwaydownFaceAngleToVertical,naturalReleaseTiming,swingTempo,downSwingShaftRotationMax,downSwingShaftRotationMin,halfwaybackFaceAngleToVertical,estimateCarry,naturalUncock,indexStart,indexHWB,indexTop,indexMaxGripSpeed,indexHWD,indexImpact,indexMaxHeadSpeed,indexFinish,vendorId,analyzeResultType,isExistVideo,isFavorite
1,c95ac17af35fde5b777424bc11e3d8a8,2024-12-28T11:53:46Z,1,0,fe5179f0e72a4c649b0b337df44c46ce,1900,1,1,0,172,0.9398,0,32,61.5,,4,0,1E+19,1,0,3,1,0,0,0,K50B105921,1,540,139.5781651,100,35.4312387,-6.9607396,55.93959,-4.3905873,4.62712,4.5477686,30.732466,61.229034,0.6560228,1.6615885,-766.46344,-0.7175459,-3.7345645,7.757131,39.8676,31.444855,7.757131,36.869503,-22.297443,0,4.1057544,-440.85367,-817.1951,-45.052364,124.26448,0,14,91,146,312,254,312,296,351,Q4930jb7ESZugqMNmFVAbVILayY2,0,0,0
2,6fcfbf797af4dfa74dd8cf294b0e6c0c,2024-12-28T11:52:41Z,1,0,fe5179f0e72a4c649b0b337df44c46ce,1900,1,1,0,172,0.9398,0,32,61.5,,4,0,1E+19,1,0,3,1,0,0,0,K50B105921,1,540,139.5781616,105.8000031,35.4312384,-8.723454,60.54946,4.62784,-3.0826542,6.153138,30.29108,65.21722,4.8976192,0.9524666,-758.65857,-0.18470365,9.525459,7.665364,32.52387,31.950945,7.7041883,38.332077,-15.408284,0.2962963,5.274074,-446.34146,-820.8537,-49.652416,122.479774,0.5039394,6,126,184,341,287,342,313,383,Q4930jb7ESZugqMNmFVAbVILayY2,0,0,0
3,bc73a6943ce2bfcbd925b46b232bd06d,2024-12-28T11:48:11Z,1,0,a60ba835ba564e0e88cc807c17c16acb,1970,6,24,0,162,1.16205,0,10.5,56,,4,0,0056234001C7234001C7,1,0,3,1,0,0,0,K50B109529,1,540,139.9265784,5.686188572,35.72163489,-5.378879,39.245205,-6.386533,4.5601234,6.463848,37.019455,43.858425,2.9514887,0.41235274,-2185.122,0.4356708,-3.435044,4.430489,19.246208,37.597874,6.1603565,30.17523,18.38712,17.391304,5.2173915,-282.80487,-2175.6099,-31.234459,200.97469,28.080637,40,167,238,319,325,385,383,425,Q4930jb7ESZugqMNmFVAbVILayY2,0,0,0
4,59eec859a580438876ab2ee4d49526a2,2024-12-28T11:47:24Z,1,0,a60ba835ba564e0e88cc807c17c16acb,1970,6,24,0,162,1.16205,0,10.5,56,,4,0,0056234001C7234001C7,1,0,3,1,0,0,0,K50B109529,1,540,139.9265781,5.688405891,35.72163413,-3.5585365,39.452454,-14.457378,8.983594,-0.35189956,36.809002,43.392593,6.6713667,0.75945854,-2196.8293,-0.16037852,-7.7860117,4.021754,23.213978,37.765415,6.215943,32.049477,21.488384,19.380888,6.783311,-272.07318,-2306.8293,-31.495646,199.83215,35.299377,10,189,262,337,348,409,406,448,Q4930jb7ESZugqMNmFVAbVILayY2,0,0,0
5,c8b1a33602deb426a68e7f1dbe3a238e,2024-12-28T11:47:20Z,1,0,fe5179f0e72a4c649b0b337df44c46ce,1900,1,1,0,172,0.9398,0,32,61.5,,4,0,1E+19,1,0,3,1,0,0,0,K50B105921,1,540,139.5781402,100,35.4312386,-5.511672,54.831768,-6.8123784,6.762415,3.3016787,31.269669,60.925686,-1.261517,0,-1453.7805,0,-8.073895,7.892745,41.031075,32.4644,7.892745,40.19409,-17.546251,0,4.809287,-349.2683,-1072.1952,-42.962986,126.43663,0,28,117,173,341,283,341,316,379,Q4930jb7ESZugqMNmFVAbVILayY2,0,0,0
6,fd817d53e1a203d8aa9d598b139fb020,2024-12-28T11:46:37Z,1,0,a60ba835ba564e0e88cc807c17c16acb,1970,6,24,0,162,1.16205,0,10.5,56,,4,0,0056234001C7234001C7,1,0,3,1,0,0,0,K50B109529,1,540,139.9265776,5.561698854,35.72163359,-7.1319904,40.094326,0.15841572,2.6006286,4.987997,37.69235,43.992294,-3.0055332,0.722613,-2159.2683,0.2960068,-2.8471174,3.931594,17.29782,37.695435,6.0278277,35.359615,19.846037,21.124828,5.2126203,-302.92685,-2184.756,-29.905697,204.62776,34.775944,46,163,236,307,325,384,382,423,Q4930jb7ESZugqMNmFVAbVILayY2,0,0,0
7,8f9b143fec31e27d8d15d282e311ab9b,2024-12-28T11:46:14Z,1,0,fe5179f0e72a4c649b0b337df44c46ce,1900,1,1,0,172,0.9398,0,32,61.5,,4,0,1E+19,1,0,3,1,0,0,0,K50B105921,1,540,139.578133,100,35.431238,-7.3636894,58.883972,-3.0088608,2.0591156,2.3563745,32.227093,62.28041,3.8568828,2.2726946,-1002.9269,-1.3886721,0.848022,7.9445195,37.819145,33.22774,7.9445195,32.56018,-13.56309,0,4.8788366,-315.73172,-920.6098,-45.59766,130.30789,0,18,114,169,330,274,330,301,369,Q4930jb7ESZugqMNmFVAbVILayY2,0,0,0
8,216eb45e75734421046312a69442f084,2024-12-28T11:45:58Z,1,0,a60ba835ba564e0e88cc807c17c16acb,1970,6,24,0,162,1.16205,0,10.5,56,,4,0,0056234001C7234001C7,1,0,3,1,0,0,0,K50B109529,1,540,139.9265782,5.530070427,35.72163393,-5.3795757,40.314125,-1.8036115,2.6079745,5.0667896,37.891697,45.001858,-0.6455784,-1.1403463,-2518.4148,2.1918063,-2.44919,3.639363,17.10994,38.22868,5.9868402,37.737827,23.358242,19.97301,5.8299594,-268.90244,-2515.6099,-28.74428,205.71,39.210617,37,180,253,327,342,401,400,440,Q4930jb7ESZugqMNmFVAbVILayY2,0,0,0
9,69bcd19e76b564e86325c6339ecf189d,2024-12-28T11:45:42Z,1,0,fe5179f0e72a4c649b0b337df44c46ce,1900,1,1,0,172,0.9398,0,32,61.5,,4,0,1E+19,1,0,3,1,0,0,0,K50B105921,1,540,139.578131,100,35.4312375,-5.407847,56.764263,-6.4946284,5.8668504,3.7733574,31.03725,62.16317,0.8186326,0.96766984,-1159.878,-0.06579934,-5.675996,7.597296,40.569923,33.114426,7.597296,37.873928,-24.953026,0,3.8791733,-300.12195,-1133.5366,-46.092667,125.49686,0,46,112,168,334,277,334,303,373,Q4930jb7ESZugqMNmFVAbVILayY2,0,0,0
10,4d989712fcb65483ecb3af7adcbd7ab9,2024-12-28T11:45:17Z,1,0,a60ba835ba564e0e88cc807c17c16acb,1970,6,24,0,162,1.16205,0,10.5,56,,4,0,0056234001C7234001C7,1,0,3,1,0,0,0,K50B109529,1,540,139.9265785,5.651552891,35.72163468,-4.612359,39.40129,-0.95078504,4.928632,6.023463,37.703896,44.641422,-1.8532306,-0.15602112,-2409.3904,1.2552701,-2.8040156,3.7552297,19.50516,37.89146,5.870415,40.052635,23.119299,21.024967,5.913272,-278.90244,-2420.4878,-26.553871,204.69044,36.031277,11,167,236,308,328,388,386,427,Q4930jb7ESZugqMNmFVAbVILayY2,0,0,0
11,7405858fe684cbfa888d279b25d04570,2024-12-28T11:45:06Z,1,0,fe5179f0e72a4c649b0b337df44c46ce,1900,1,1,0,172,0.9398,0,32,61.5,,4,0,1E+19,1,0,3,1,0,0,0,K50B105921,1,540,139.5781282,100,35.4312367,-3.6100976,60.483295,-5.7849207,6.4440045,5.599687,30.971762,66.603325,2.3671253,1.2506454,-1140.3658,-0.3147567,-3.4177954,7.3330603,40.980324,32.511677,7.3330603,40.379665,-22.846819,0,5.1223493,-339.63416,-1042.1952,-46.41403,125.23206,0,2,105,159,320,263,320,288,359,Q4930jb7ESZugqMNmFVAbVILayY2,0,0,0
12,9532d884ca0c2c06ee98211e0d63f281,2024-12-28T11:44:32Z,1,0,fe5179f0e72a4c649b0b337df44c46ce,1900,1,1,0,172,0.9398,0,32,61.5,,4,0,1E+19,1,0,3,1,0,0,0,K50B105921,1,540,139.5781254,100,35.4312357,-5.7407646,57.052692,-6.3115506,3.3639758,2.385763,29.961535,61.62235,9.195132,0.8413935,-855.97565,0.056643475,2.8835814,7.1742425,39.86949,30.548784,7.1742425,40.79624,-20.813868,0,3.599374,-245.60976,-854.2683,-46.066616,121.14728,0,12,76,127,289,230,289,267,329,Q4930jb7ESZugqMNmFVAbVILayY2,0,0,0
13,b4de8aec9f3b53c0528d6958bbd6c3bf,2024-12-28T11:42:18Z,1,0,fe5179f0e72a4c649b0b337df44c46ce,1900,1,1,0,172,1.115568,-1,10.5,58,,4,0,100000005,1,0,3,1,0,0,0,K50B105921,1,540,139.5781114,100,35.4312314,-5.4237084,42.516376,3.6280248,2.493565,11.248675,42.60534,44.958694,4.431896,2.39967,-701.8293,-1.5494201,8.059921,6.874546,17.366386,43.900593,7.398719,15.985853,1.7524602,31.423897,4.6153846,-109.268295,-657.3171,-31.319014,224.6988,7.084644,8,89,149,210,251,306,303,347,Q4930jb7ESZugqMNmFVAbVILayY2,0,0,0
14,f57b8b14e121bd27ee6f9651527efb94,2024-12-28T11:41:27Z,1,0,fe5179f0e72a4c649b0b337df44c46ce,1900,1,1,0,172,1.115568,-1,10.5,58,,4,0,100000005,1,0,3,1,0,0,0,K50B105921,1,540,139.5781062,105.8000031,35.4312298,-13.406797,44.165787,6.740963,-1.6261967,7.5987735,39.172688,46.90074,-6.6803803,1.08606,-615.12195,-0.29789934,0.0605825,6.982671,12.584814,39.853596,7.3874764,20.209215,-15.265428,27.51773,5.0496454,-167.31708,-645.4878,-34.971634,206.59514,5.479622,10,119,188,252,296,349,334,389,Q4930jb7ESZugqMNmFVAbVILayY2,0,0,0
15,41eff0881e97328fe2e0c716decf116f,2024-12-28T11:40:41Z,1,0,fe5179f0e72a4c649b0b337df44c46ce,1900,1,1,0,172,1.115568,-1,10.5,58,,4,0,100000005,1,0,3,1,0,0,0,K50B105921,1,540,139.5781029,100,35.43123,-13.70661,42.748383,5.6052465,-2.5052617,6.4617114,38.713097,44.174526,-0.74453497,3.1137836,-703.4147,-2.5665483,4.8607116,6.8928843,12.626503,40.329258,7.0974927,18.41683,-13.753541,28.912071,4.9180326,-137.80489,-639.5122,-28.205677,204.17126,2.8828263,27,123,192,255,299,352,337,391,Q4930jb7ESZugqMNmFVAbVILayY2,0,0,0
16,7d62c79586b2eb7984a658cc559e8430,2024-12-28T11:39:58Z,1,0,fe5179f0e72a4c649b0b337df44c46ce,1900,1,1,0,172,1.115568,-1,10.5,58,,4,0,100000005,1,0,3,1,0,0,0,K50B105921,1,540,139.5780991,100,35.4312294,-12.848078,42.61119,5.7925186,0.6213605,8.7408285,39.023094,47.442184,-6.1907945,1.088548,-726.70734,-0.3038878,-0.39827606,6.6325192,14.727412,39.960754,7.052636,17.470627,-12.830684,31.298906,5.289515,-213.17073,-717.561,-37.227844,205.80618,5.9568763,27,128,196,258,303,358,356,398,Q4930jb7ESZugqMNmFVAbVILayY2,0,0,0
17,f8efadb16d6af8f25d7d6fc11e3c5279,2024-12-28T11:39:15Z,1,0,fe5179f0e72a4c649b0b337df44c46ce,1900,1,1,0,172,1.115568,-1,10.5,58,,4,0,100000005,1,0,3,1,0,0,0,K50B105921,1,540,139.5780927,100,35.4312242,-13.622657,37.28263,1.8926655,-3.3899713,5.0105815,41.040108,40.40223,5.054707,1.0027268,-549.0244,-0.24034679,6.9473724,7.4023633,12.921976,41.14459,7.4023633,13.258222,-1.8659898,0,5.824,-163.78049,-552.0732,-42.035637,216.44383,0,10,126,192,351,296,351,339,391,Q4930jb7ESZugqMNmFVAbVILayY2,0,0,0
18,40a5cb4c3680ba1628772b6338f00127,2024-12-28T11:22:40Z,1,0,fe5179f0e72a4c649b0b337df44c46ce,1900,1,1,0,172,1.115568,-1,10.5,58,,4,0,100000005,1,0,3,1,0,0,0,K50B105921,1,540,139.5781357,100,35.4312323,-9.2531395,43.34983,-2.9738235,3.2287369,4.693821,41.823185,41.369236,-1.299221,1.154304,-431.4634,-0.36778623,-4.2730446,7.568499,18.40265,44.347225,7.568499,17.333965,-29.832647,0,4.9251246,-183.78049,-435.60977,-46.86918,220.57375,0,5,95,153,314,265,314,297,354,Q4930jb7ESZugqMNmFVAbVILayY2,0,1,0
19,2659c8c8481780fe5f33f765dddafa71,2024-12-28T11:22:08Z,1,0,fe5179f0e72a4c649b0b337df44c46ce,1900,1,1,0,172,1.115568,-1,10.5,58,,4,0,100000005,1,0,3,1,0,0,0,K50B105921,1,540,139.578134,100,35.4312312,-18.299765,41.676006,7.398159,-8.47975,4.671697,41.935936,39.344677,-2.1818538,2.2271333,-525.36584,-1.6322899,5.2163053,7.4148445,8.045504,44.08947,7.4148445,14.010713,-13.148924,0,4.2487044,-124.63415,-499.39026,-35.15453,221.1684,0,11,74,134,293,244,293,275,332,Q4930jb7ESZugqMNmFVAbVILayY2,0,1,0
20,7f7679626c6b93017a962b28a32eb242,2024-12-28T11:21:34Z,1,0,fe5179f0e72a4c649b0b337df44c46ce,1900,1,1,0,172,1.115568,-1,10.5,58,,4,0,100000005,1,0,3,1,0,0,0,K50B105921,1,540,139.5781329,100,35.4312296,-8.683979,38.62071,0.76038885,1.2066861,4.7522664,44.726402,31.649857,-5.4424553,0.7767918,-630.2439,0.13264887,-4.6820664,7.9407516,19.649597,46.034634,7.9407516,14.9285145,-21.735888,0,4.1791043,-138.04878,-611.21954,-37.586372,235.8852,0,3,71,129,288,240,288,279,328,Q4930jb7ESZugqMNmFVAbVILayY2,0,1,0
21,4343252ae5e5e0d9b729eb2c8efc0e05,2024-12-28T11:20:37Z,1,0,fe5179f0e72a4c649b0b337df44c46ce,1900,1,1,0,172,1.115568,-1,10.5,58,,4,0,100000005,1,0,3,1,0,0,0,K50B105921,1,540,139.5781262,100,35.4312275,-14.984465,45.798576,3.5937083,-9.529779,-3.8770041,42.0975,43.940575,4.0063086,0.21147478,-473.0488,0.5439563,7.600017,7.9126554,5.583653,42.94585,7.9126554,30.780025,-36.57846,0,5.373609,10,-450.97562,-48.11786,222.02048,0,1,109,170,331,287,331,323,371,Q4930jb7ESZugqMNmFVAbVILayY2,0,0,0
22,3576025c04057f29eeb8a075e96ac2b6,2024-12-28T11:20:02Z,1,0,fe5179f0e72a4c649b0b337df44c46ce,1900,1,1,0,172,1.115568,-1,10.5,58,,4,0,100000005,1,0,3,1,0,0,0,K50B105921,1,540,139.5781222,100,35.4312257,-9.689569,44.15947,-0.09440987,-0.108279906,3.8831573,44.207973,41.84393,0.8453983,2.1154423,-533.4147,-1.4254229,0.7509884,7.6700287,15.487212,45.44299,7.6700287,23.646666,-24.932255,0,4.298094,-158.2927,-515.2439,-34.433407,233.15102,0,24,92,148,306,259,306,293,346,Q4930jb7ESZugqMNmFVAbVILayY2,0,0,0
23,b49bda728473b39f5fcc5eef596ebe9b,2024-12-28T11:18:54Z,1,0,fe5179f0e72a4c649b0b337df44c46ce,1900,1,1,0,172,1.115568,-1,10.5,58,,4,0,100000005,1,0,3,1,0,0,0,K50B105921,1,540,139.5781149,100,35.4312252,-8.569196,45.028427,-1.8647294,2.8343437,2.8774061,39.466618,48.83817,2.8233314,0.64038527,-587.6829,0.25981775,0.9586019,7.1101103,16.75995,43.84257,7.140426,28.008354,-20.309631,34.84087,5.762144,-65.60976,-604.0244,-46.20933,208.14531,0.42456388,2,117,174,229,282,333,317,372,Q4930jb7ESZugqMNmFVAbVILayY2,0,0,0
24,5e2b8d5f81410bf0b1f45fdfc1aededf,2024-12-28T11:18:13Z,1,0,fe5179f0e72a4c649b0b337df44c46ce,1900,1,1,0,172,1.115568,-1,10.5,58,,4,0,100000005,1,0,3,1,0,0,0,K50B105921,1,540,139.578108,105.8000031,35.431225,-8.610359,40.88542,-0.4114732,4.298016,6.038131,39.924778,44.951836,0.4422235,1.2581414,-552.8049,-0.5275251,0.030750288,7.4349136,19.056002,42.030945,7.4349136,20.31043,-16.909157,0,4.0722494,-159.2683,-479.63416,-36.364964,210.56163,0,7,73,131,288,235,288,271,327,Q4930jb7ESZugqMNmFVAbVILayY2,0,0,0
25,8155bac99b8f28bb9a2c455ef18c8e05,2024-12-28T11:17:43Z,1,0,fe5179f0e72a4c649b0b337df44c46ce,1900,1,1,0,172,1.115568,-1,10.5,58,,4,0,100000005,1,0,3,1,0,0,0,K50B105921,1,540,139.5781019,100,35.4312243,-14.791462,44.188835,-1.9653506,-4.742176,-2.018795,40.59007,45.931366,12.6633625,2.8626292,-477.07318,-2.3933196,10.698011,7.23791,9.809481,42.366173,7.2527547,25.854378,-19.807251,0.33167496,5.538972,30.853659,-433.17075,-38.64975,214.07036,0.20468235,3,110,170,329,281,330,321,370,Q4930jb7ESZugqMNmFVAbVILayY2,0,0,0
26,ea00daef241b88f68578414f6edbb05c,2024-12-28T11:16:31Z,1,0,fe5179f0e72a4c649b0b337df44c46ce,1900,1,1,0,172,1.115568,-1,10.5,58,,4,0,100000005,1,0,3,1,0,0,0,K50B105921,1,540,139.5780922,100,35.4312204,-2.3057892,43.194897,1.5546354,5.265494,13.368968,39.207714,44.365078,4.4723415,1.1045804,-534.5122,-0.31750473,6.026977,7.2234464,20.324003,42.45231,7.2234464,14.34842,1.2383766,0,5.137318,-73.17073,-499.39026,-28.317616,206.77988,0,1,103,160,318,260,318,300,358,Q4930jb7ESZugqMNmFVAbVILayY2,0,0,0
27,28c7978d81d75e0cbca8e39724fef0b4,2024-12-28T11:15:40Z,1,0,fe5179f0e72a4c649b0b337df44c46ce,1900,1,1,0,172,1.115568,-1,10.5,58,,4,0,100000005,1,0,3,1,0,0,0,K50B105921,1,540,139.578084,100,35.4312179,-13.145494,40.641216,2.1285863,-4.2879143,2.0118167,40.218082,39.887753,0.571156,2.3569057,-425.97562,-1.7551047,2.6997423,7.1134977,12.005095,42.841606,7.124901,22.758348,-18.936304,0.3294893,4.118616,-262.31708,-496.2195,-33.564392,212.1085,0.16004443,8,73,133,293,247,294,281,334,Q4930jb7ESZugqMNmFVAbVILayY2,0,0,0
28,ac1002ea5f9eb2178b5e88915eef22f8,2024-12-28T11:14:56Z,1,0,fe5179f0e72a4c649b0b337df44c46ce,1900,1,1,0,172,1.115568,-1,10.5,58,,4,0,100000005,1,0,3,1,0,0,0,K50B105921,1,540,139.5780756,100.8000031,35.431217,-6.078706,49.767174,-3.7026207,2.3619463,0.5737288,41.942924,45.660862,4.251692,3.1471498,-407.31708,-2.6132932,0.5490712,7.406875,16.966208,42.470604,7.406875,25.603426,-35.358482,0,4.8739495,-5.8536587,-351.5854,-39.419567,221.20525,0,1,89,146,306,257,306,295,345,Q4930jb7ESZugqMNmFVAbVILayY2,0,0,0
29,69dd751a4a8046c19c730170dc8e1324,2024-12-28T11:14:20Z,1,0,fe5179f0e72a4c649b0b337df44c46ce,1900,1,1,0,172,1.115568,-1,10.5,58,,4,0,100000005,1,0,3,1,0,0,0,K50B105921,1,540,139.5780665,100,35.4312141,-0.9448527,38.63147,-6.53623,10.573384,7.194251,36.20299,45.61213,3.3653092,1.1624179,-546.0976,-0.41742533,-3.1709208,6.5868073,24.953081,44.251404,7.013193,23.975513,-21.109455,34.369884,5.3027825,-78.90244,-527.6829,-42.54491,190.93309,6.079769,9,111,171,228,279,333,324,374,Q4930jb7ESZugqMNmFVAbVILayY2,0,0,0
30,6cb1cc154b6e9292c0f917c594196ac5,2024-12-28T11:13:54Z,1,0,a60ba835ba564e0e88cc807c17c16acb,1970,6,24,0,162,1.16205,0,10.5,56,,4,0,0056234001C7234001C7,1,0,3,1,0,0,0,K50B109529,1,540,139.9265761,6.061994659,35.72163656,-3.6589274,40.173347,-7.219469,2.2543104,4.8988385,35.440353,45.010822,4.857057,0.2971171,-2320.244,0.7764777,-2.362412,3.6834965,16.757816,36.419506,6.120611,35.543472,16.824625,21.576763,4.7302904,-377.31708,-2292.561,-28.961052,192.40193,39.81816,72,172,243,310,330,388,387,427,Q4930jb7ESZugqMNmFVAbVILayY2,0,0,0
31,b25b0b2bf8bf8f17757fe1ff97c1c363,2024-12-28T11:13:49Z,1,0,fe5179f0e72a4c649b0b337df44c46ce,1900,1,1,0,172,1.115568,-1,10.5,58,,4,0,100000005,1,0,3,1,0,0,0,K50B105921,1,540,139.5780593,100,35.4312118,-2.731194,42.46119,-4.9715157,8.362086,10.1374035,39.442383,44.81369,0.34740162,1.7868731,-588.90247,-0.8292078,-4.624114,6.7395797,22.746977,43.877293,6.965905,14.965561,-17.062288,34.94176,4.592346,-66.70732,-570.12195,-35.513607,208.01749,3.2490492,4,86,142,195,246,300,287,342,Q4930jb7ESZugqMNmFVAbVILayY2,0,0,0
32,a736d4dfd4d4da0f0c74a05eb27675dc,2024-12-28T11:13:19Z,1,0,fe5179f0e72a4c649b0b337df44c46ce,1900,1,1,0,172,1.115568,-1,10.5,58,,4,0,100000005,1,0,3,1,0,0,0,K50B105921,1,540,139.5780518,100,35.4312082,-6.755167,43.99933,-2.3238385,1.2960818,2.9959502,40.495956,43.58132,9.544631,2.5778975,-461.70734,-1.9158052,7.2207923,6.863524,16.604984,42.233574,6.977307,23.038565,-17.179169,33.811802,4.051037,-63.536587,-440.12195,-36.693718,213.574,1.6307592,25,93,152,206,261,312,297,352,Q4930jb7ESZugqMNmFVAbVILayY2,0,0,0
33,f723bc7bcddd7d406cd0bc12deb363c3,2024-12-28T11:13:09Z,1,0,a60ba835ba564e0e88cc807c17c16acb,1970,6,24,0,162,1.16205,0,10.5,56,,4,0,0056234001C7234001C7,1,0,3,1,0,0,0,K50B109529,1,540,139.9265759,5.651543148,35.72163523,-4.442675,40.255695,-0.6527528,6.0126457,7.461269,34.77688,45.282063,-0.26086444,0.061360836,-2183.5366,0.9245408,-0.91361725,4.0199904,20.616257,36.582138,6.203707,34.08694,25.937948,19.330854,5.4275093,-253.65854,-2203.171,-22.260138,188.79997,35.20019,30,175,249,322,337,400,396,439,Q4930jb7ESZugqMNmFVAbVILayY2,0,0,0
34,e43385a851f0e88aca3040fcbe5208e4,2024-12-28T11:12:37Z,1,0,fe5179f0e72a4c649b0b337df44c46ce,1900,1,1,0,172,1.115568,-1,10.5,58,,4,0,100000005,1,0,3,1,0,0,0,K50B105921,1,540,139.5780395,100,35.4312052,-11.208932,46.394302,-4.232016,-4.4896016,-4.261017,42.009983,45.10983,13.2009735,2.936223,-279.7561,-2.2824876,8.968958,7.4657073,10.356963,42.50634,7.4657073,33.41299,-32.60588,0,4.8,-26.707317,-267.56097,-41.170425,221.55893,0,2,90,152,315,271,315,310,355,Q4930jb7ESZugqMNmFVAbVILayY2,0,0,0
35,887dd5a52f977bc1817a3416577393a5,2024-12-28T11:12:13Z,1,0,a60ba835ba564e0e88cc807c17c16acb,1970,6,24,0,162,1.16205,0,10.5,56,,4,0,0056234001C7234001C7,1,0,3,1,0,0,0,K50B109529,1,540,139.9265762,5.596888988,35.72163568,-5.085037,40.054333,-1.430935,3.6947095,4.929362,36.861362,44.742462,2.912661,1.4693284,-2273.6587,-0.48298708,1.4817259,4.4027076,18.57755,37.24641,6.130403,38.881195,17.853075,21.673527,5.432099,-289.02438,-2196.9512,-25.046837,200.11642,28.182411,42,171,240,310,330,389,385,429,Q4930jb7ESZugqMNmFVAbVILayY2,0,0,0
36,bf97303a098ef5e76916c5c829de791f,2024-12-28T11:12:06Z,1,0,fe5179f0e72a4c649b0b337df44c46ce,1900,1,1,0,172,1.115568,-1,10.5,58,,4,0,100000005,1,0,3,1,0,0,0,K50B105921,1,540,139.57803,100,35.4312025,2.3183873,41.72479,-9.9498415,11.184467,2.779438,41.703953,43.94569,11.07756,2.3106618,-774.63416,-1.617185,1.1277192,6.5232635,26.2189,43.52546,7.0599546,29.19928,-14.117892,33.613445,4.9411764,7.4390244,-782.8049,-35.803146,219.94493,7.601905,32,119,179,238,287,338,328,378,Q4930jb7ESZugqMNmFVAbVILayY2,0,0,0
37,2d9f20abeb06e95c7c9c6d20fa2e63b8,2024-12-28T11:11:29Z,1,0,a60ba835ba564e0e88cc807c17c16acb,1970,6,24,0,162,1.16205,0,10.5,56,,4,0,0056234001C7234001C7,1,0,3,1,0,0,0,K50B109529,1,540,139.9265767,5.537608704,35.72163657,-5.004145,39.215656,-3.0895555,1.5207523,3.1380544,37.19822,43.52068,7.848835,1.9330683,-2168.4148,-1.1529008,4.7592793,4.3334703,16.850464,37.19822,6.2452607,36.096096,22.89193,20.871862,5.4689565,-294.2683,-2126.8293,-26.490868,201.94518,30.61186,13,151,220,288,309,367,367,408,Q4930jb7ESZugqMNmFVAbVILayY2,0,0,0
38,6f99fc7e5edf5fa4015d781ee98b2ade,2024-12-28T11:11:19Z,1,0,fe5179f0e72a4c649b0b337df44c46ce,1900,1,1,0,172,1.115568,-1,10.5,58,,4,0,100000005,1,0,3,1,0,0,0,K50B105921,1,540,139.5780138,100,35.4311972,-3.1193626,42.870293,-10.354782,5.4607167,-2.048581,43.856285,41.786766,13.478228,2.6996374,-717.3171,-1.9177587,3.123446,6.5075636,21.248415,44.876686,7.358988,28.979658,-8.490311,34.72454,4.1736226,47.80488,-742.439,-31.530334,231.29623,11.569858,27,94,152,208,262,312,310,352,Q4930jb7ESZugqMNmFVAbVILayY2,0,0,0
39,38083d10daa69b40477299d569bbee9a,2024-12-28T11:10:47Z,1,0,a60ba835ba564e0e88cc807c17c16acb,1970,6,24,0,162,1.16205,0,10.5,56,,4,0,0056234001C7234001C7,1,0,3,1,0,0,0,K50B109529,1,540,139.9265769,5.920621595,35.72163596,-6.774636,40.475388,0.28920776,2.2408857,6.6431212,36.95894,44.52159,-1.1978519,0.9749708,-2243.6587,0.06102131,-0.9086442,3.7398088,16.99975,36.99454,6.0245643,38.983486,22.199919,20.02635,5.2964425,-338.41464,-2222.3171,-22.803612,200.64615,37.923996,28,159,229,304,322,380,379,422,Q4930jb7ESZugqMNmFVAbVILayY2,0,0,0
40,d578ba70b72415524e3f348ce1f1e712,2024-12-28T11:10:35Z,1,0,fe5179f0e72a4c649b0b337df44c46ce,1900,1,1,0,172,1.115568,-1,10.5,58,,4,0,100000005,1,0,3,1,0,0,0,K50B105921,1,540,139.5780008,100,35.4311868,-12.520229,32.296516,-2.6648102,-9.490681,-10.490654,34.73456,42.599476,19.189394,1.420548,-514.5122,-0.69255805,16.524584,4.760894,5.383205,35.205875,6.384266,38.69287,-18.080435,26.628075,4.341534,-207.19513,-433.41464,-47.454155,183.18861,25.4277,0,92,150,228,274,320,313,363,Q4930jb7ESZugqMNmFVAbVILayY2,0,0,0
41,6a90893949aff2f6fb08588ec86021de,2024-12-28T11:09:59Z,1,0,a60ba835ba564e0e88cc807c17c16acb,1970,6,24,0,162,1.16205,0,10.5,56,,4,0,0056234001C7234001C7,1,0,3,1,0,0,0,K50B109529,1,540,139.9265769,5.559796369,35.7216356,-5.1882987,40.76234,-5.131437,3.6398208,3.08758,35.581818,44.703457,5.623503,1.0033283,-2037.4391,0.006850074,0.4920665,4.065672,18.473185,36.27497,6.023492,46.568752,19.028893,21.208054,4.9932885,-263.5366,-2013.9025,-28.000343,193.1699,32.503075,53,168,239,308,328,387,386,427,Q4930jb7ESZugqMNmFVAbVILayY2,0,0,0
42,cd2487d07406f2adeda0ee67d27baa57,2024-12-28T11:09:16Z,1,0,a60ba835ba564e0e88cc807c17c16acb,1970,6,24,0,162,1.16205,0,10.5,56,,4,0,0056234001C7234001C7,1,0,3,1,0,0,0,K50B109529,1,540,139.9265735,5.596049106,35.72163931,-4.704408,40.29328,0.035824534,2.343441,6.7896605,37.353683,43.78696,-1.5238346,0.23453164,-2102.561,0.805665,-1.48801,3.8456933,17.231838,37.353683,6.099666,38.28381,19.24563,19.455252,4.8249025,-331.34146,-2084.6343,-25.209984,202.78918,36.952393,55,171,241,316,333,391,391,431,Q4930jb7ESZugqMNmFVAbVILayY2,0,0,0
43,6a8620851a2273b12050f96c00422d1e,2024-12-28T11:08:30Z,1,0,a60ba835ba564e0e88cc807c17c16acb,1970,6,24,0,162,1.16205,0,10.5,56,,4,0,0056234001C7234001C7,1,0,3,1,0,0,0,K50B109529,1,540,139.9265709,5.56206451,35.72164,-4.9576564,40.025414,-1.7186289,5.7919555,6.1203117,35.65447,44.712177,-2.0321362,0.5528406,-2021.3416,0.4619102,-3.750765,3.9320729,20.258268,36.169662,5.8885026,41.847363,20.159258,20.82777,4.859813,-285,-2029.7561,-29.848333,193.56432,33.22457,59,171,241,313,330,391,390,431,Q4930jb7ESZugqMNmFVAbVILayY2,0,0,0
44,b2119850206797e2bfafcdf4159edb73,2024-12-28T11:07:40Z,1,0,a60ba835ba564e0e88cc807c17c16acb,1970,6,24,0,162,1.16205,0,10.5,56,,4,0,0056234001C7234001C7,1,0,3,1,0,0,0,K50B109529,1,540,139.9265715,5.682536453,35.72163895,-5.792473,40.599487,-0.65625274,2.6294856,6.2612815,36.49116,43.701225,2.2305431,2.0767918,-2434.1465,-1.5282793,1.5742904,3.7709568,17.78512,37.460403,6.1198936,43.570274,24.857155,18.62872,5.019405,-289.02438,-2384.2683,-21.16615,198.10664,38.38199,42,168,236,317,329,389,388,429,Q4930jb7ESZugqMNmFVAbVILayY2,0,0,0
45,88f7c07892f3d321d7f21b933b2fd411,2024-12-28T10:45:01Z,1,0,4ff7d8634e31430090a5a1c3dfb14a07,1964,8,14,0,177,0.9398,0,32,61.5,,4,0,1E+19,1,0,3,1,0,0,0,K50B106701,1,540,136.6144013,7.670383958,34.96624183,-15.891591,52.40842,-1.0359836,-4.4373283,0.31931937,40.039993,58.490837,0.5201047,1.1995887,-2079.6343,-0.31957394,-0.51587886,5.7805276,30.65116,40.41452,7.7028623,-44.530666,1.319319,32.485325,5.8708415,-554.2683,-2060.366,13.839443,161.8988,24.956108,7,106,157,196,233,279,277,320,Q4930jb7ESZugqMNmFVAbVILayY2,0,0,0
46,2328e8621b65c515ab22cd7b56d12e72,2024-12-28T10:44:39Z,1,0,4ff7d8634e31430090a5a1c3dfb14a07,1964,8,14,0,177,0.9398,0,32,61.5,,4,0,1E+19,1,0,3,1,0,0,0,K50B106701,1,540,136.6144013,7.670383958,34.96624183,-6.1399484,51.13106,-7.6070504,7.404338,8.212738,42.547447,53.722237,-6.480989,1.2336372,-1958.6586,-0.45130616,-14.088039,5.7412667,39.500328,42.575245,7.9695835,-47.980156,6.0112505,37.995823,6.0960336,-489.2683,-1950.4878,10.705987,172.03749,27.960264,18,111,164,198,237,289,287,330,Q4930jb7ESZugqMNmFVAbVILayY2,0,0,0
47,e3ae370b36394d0d285f13300f5d1d93,2024-12-28T10:44:13Z,1,0,4ff7d8634e31430090a5a1c3dfb14a07,1964,8,14,0,177,0.9398,0,32,61.5,,4,0,1E+19,1,0,3,1,0,0,0,K50B106701,1,540,136.6144013,7.670383958,34.96624183,-9.03398,50.820866,-7.386587,2.8560586,3.4345942,41.028843,57.135582,0.6906681,1.2600275,-1915.9757,-0.48049617,-6.695919,6.0622168,37.383423,41.028843,7.6429367,-51.374023,-1.2690064,37.31656,6.457023,-478.17075,-1897.1952,16.179485,165.89714,20.682102,9,112,163,198,237,287,287,328,Q4930jb7ESZugqMNmFVAbVILayY2,0,0,0
48,8f69a8a28df580917c5e65f0668083f6,2024-12-28T10:43:29Z,1,0,4ff7d8634e31430090a5a1c3dfb14a07,1964,8,14,0,177,0.9398,0,32,61.5,,4,0,1E+19,1,0,3,1,0,0,0,K50B106701,1,540,136.6144013,7.670383958,34.96624184,-14.660298,52.881424,0.50571156,-6.3749185,0.29365236,43.23955,53.56276,-3.806784,1.1248082,-2063.171,-0.2513433,-3.3010724,6.022713,28.272306,43.23955,7.8219395,-41.685635,4.1573277,35.03055,4.562118,-594.14636,-2014.5122,13.122393,174.83597,23.002302,11,71,123,160,199,246,246,288,Q4930jb7ESZugqMNmFVAbVILayY2,0,0,0
49,bf53809e0beb5b69e87cb3ac2fac7d25,2024-12-28T10:43:07Z,1,0,4ff7d8634e31430090a5a1c3dfb14a07,1964,8,14,0,177,0.9398,0,32,61.5,,4,0,1E+19,1,0,3,1,0,0,0,K50B106701,1,540,136.6144013,7.670383958,34.96624184,-15.118819,51.82456,-3.4474556,-3.6000712,-0.5836436,40.364132,59.305088,-2.2794836,1.2409056,-2132.3171,-0.46182433,-5.726939,5.533016,29.219526,40.65189,7.802993,-36.408043,-3.9687884,36.659878,5.376782,-642.1951,-2158.2927,1.51363,163.20941,29.091103,11,91,143,177,221,267,263,307,Q4930jb7ESZugqMNmFVAbVILayY2,0,0,0
50,7abe9d8f36817d7cf7ff5508818c7db7,2024-12-28T10:42:45Z,1,0,4ff7d8634e31430090a5a1c3dfb14a07,1964,8,14,0,177,0.9398,0,32,61.5,,4,0,1E+19,1,0,3,1,0,0,0,K50B106701,1,540,136.6144013,7.670383958,34.96624184,-9.963689,51.453213,-5.6575217,-0.7620891,1.9023004,42.128452,54.11554,-3.8989882,1.2116373,-1730.3658,-0.42618427,-9.55651,5.794189,31.724659,42.128452,7.6396403,-49.589962,-12.138981,37.79193,5.0955415,-598.7805,-1798.5366,3.8627155,170.34332,24.156261,44,114,164,197,238,286,286,326,Q4930jb7ESZugqMNmFVAbVILayY2,0,0,0
51,a9173c2a600de1151dd3fea5c49207f9,2024-12-28T10:42:14Z,1,0,4ff7d8634e31430090a5a1c3dfb14a07,1964,8,14,0,177,0.9398,0,32,61.5,,4,0,1E+19,1,0,3,1,0,0,0,K50B106701,1,540,136.6144013,7.670383958,34.96624184,-14.443577,51.31619,-5.413033,2.590785,3.7140803,40.222713,57.25563,-5.8518825,0.8353609,-2308.6587,0.08274137,-11.264915,5.3430934,34.699444,41.058422,7.861478,-32.71333,7.9165726,40.860214,6.408602,-622.6829,-2306.3416,5.0461698,162.6376,32.034492,4,101,153,183,229,278,275,317,Q4930jb7ESZugqMNmFVAbVILayY2,0,0,0
52,b76a0abdd72ba257d77de902ede55618,2024-12-28T10:41:51Z,1,0,4ff7d8634e31430090a5a1c3dfb14a07,1964,8,14,0,177,0.9398,0,32,61.5,,4,0,1E+19,1,0,3,1,0,0,0,K50B106701,1,540,136.6144013,7.670383958,34.96624185,-12.25852,50.91152,-5.9620037,3.9053395,5.7215905,40.49037,58.82945,-6.09268,1.253117,-2253.0488,-0.472017,-12.054684,5.323538,35.856903,40.937687,7.857351,-38.96073,3.1703272,38.155136,6.0796647,-580.36584,-2329.2683,0.40113312,163.71988,32.247673,17,110,162,195,238,286,284,325,Q4930jb7ESZugqMNmFVAbVILayY2,0,0,0
53,f180a814f8c161c79bf4aadf8610b745,2024-12-28T10:41:18Z,1,0,4ff7d8634e31430090a5a1c3dfb14a07,1964,8,14,0,177,0.9398,0,32,61.5,,4,0,1E+19,1,0,3,1,0,0,0,K50B106701,1,540,136.6144013,7.670383958,34.96624186,-11.533317,50.039833,-6.1699224,4.1837873,5.6819677,40.479614,57.273685,-7.275886,1.2272146,-2031.9513,-0.442828,-13.445808,5.765551,35.542976,41.2096,7.821585,-45.036625,-2.4844549,38.444923,7.213823,-610.60974,-2096.7073,14.641945,163.67638,26.286667,41,160,208,242,282,331,329,371,Q4930jb7ESZugqMNmFVAbVILayY2,0,0,0
54,6209ddd0922cf145215e04aa267cb52e,2024-12-28T10:40:57Z,1,0,4ff7d8634e31430090a5a1c3dfb14a07,1964,8,14,0,177,0.9398,0,32,61.5,,4,0,1E+19,1,0,3,1,0,0,0,K50B106701,1,540,136.6144013,7.670383958,34.96624186,-10.313697,49.63485,-7.6921268,-5.0063787,-1.6164626,41.207172,57.904213,9.341281,0.49173498,-2060.366,0.13069062,1.6491545,5.9725485,30.957993,41.207172,8.019072,-53.04138,-3.1253138,36.761486,7.702407,-561.46344,-2068.5366,14.432897,166.6182,25.5207,37,165,213,247,286,331,331,372,Q4930jb7ESZugqMNmFVAbVILayY2,0,0,0
55,8cd0e4eacb0834965a403638155743b9,2024-12-28T10:39:46Z,1,0,4ff7d8634e31430090a5a1c3dfb14a07,1964,8,14,0,177,0.9398,0,32,61.5,,4,0,1E+19,1,0,3,1,0,0,0,K50B106701,1,540,136.6144012,7.670383958,34.96624191,-15.557551,49.97163,-6.4815464,-2.3519394,-1.4474853,38.906597,59.589355,3.0898147,1.2291983,-2183.6587,-0.44348106,-3.3917317,5.0775414,31.812555,38.906597,7.8446994,-71.79086,-9.698038,39.101124,5.4382024,-609.87805,-2246.8293,-1.5133137,157.316,35.27424,6,74,127,157,200,244,244,284,Q4930jb7ESZugqMNmFVAbVILayY2,0,0,0
56,1a1725c1fbab4eb389bbb7e8f723227e,2024-12-28T10:38:44Z,1,0,4ff7d8634e31430090a5a1c3dfb14a07,1964,8,14,0,177,0.9398,0,32,61.5,,4,0,1E+19,1,0,3,1,0,0,0,K50B106701,1,540,136.6144013,7.670383958,34.96624183,-12.75123,52.863552,-4.2467113,-0.5218011,2.9201074,38.471916,63.83727,-0.12645245,1.3724016,-2452.439,-0.59572965,-4.3731637,5.2079716,32.927094,38.471916,7.8234487,-42.568436,-13.8028345,38.876892,5.87473,-536.46344,-2440.4878,-10.7861395,155.5584,33.431255,14,98,150,182,227,272,272,312,Q4930jb7ESZugqMNmFVAbVILayY2,0,0,0
57,231e6c90121eecb99e95c197c537a3d0,2024-12-28T10:38:19Z,1,0,4ff7d8634e31430090a5a1c3dfb14a07,1964,8,14,0,177,0.9398,0,32,61.5,,4,0,1E+19,1,0,3,1,0,0,0,K50B106701,1,540,136.6144013,7.670383958,34.96624183,2.94954,49.478283,-11.058171,8.024721,7.7689495,40.230656,56.341526,-2.7629051,1.251556,-2124.6343,-0.47242695,-13.821076,5.571784,40.34235,40.230656,7.681448,-85.09056,-7.5709634,35.463917,6.7628865,-426.2195,-2178.2927,20.092424,162.66972,27.464407,14,131,178,211,245,297,297,337,Q4930jb7ESZugqMNmFVAbVILayY2,0,0,0
58,61a9720ff1ca1d61b1f76a84454f48b2,2024-12-28T10:37:39Z,1,0,4ff7d8634e31430090a5a1c3dfb14a07,1964,8,14,0,177,0.9398,0,32,61.5,,4,0,1E+19,1,0,3,1,0,0,0,K50B106701,1,540,136.6144013,7.670383958,34.96624183,-1.023243,52.80535,-4.276777,4.1663036,7.899185,37.561783,63.435535,-4.863135,1.2335562,-2337.195,-0.44870478,-9.139912,4.993803,37.125275,37.583725,7.763593,-67.33746,-11.014461,38.926174,7.472036,-513.2927,-2329.3904,10.730461,151.87834,35.67665,1,121,168,198,237,285,284,325,Q4930jb7ESZugqMNmFVAbVILayY2,0,0,0
59,c640524472d7debb8f20ea03c0679a9d,2024-12-28T10:37:14Z,1,0,4ff7d8634e31430090a5a1c3dfb14a07,1964,8,14,0,177,0.9398,0,32,61.5,,4,0,1E+19,1,0,3,1,0,0,0,K50B106701,1,540,136.6144013,7.670383958,34.96624183,-11.890246,53.134224,-5.370371,-0.607241,2.6557271,37.796654,60.95572,-0.166893,0.89214146,-2137.6829,-0.036075298,-5.537264,5.369858,32.85937,37.961765,7.7568054,-70.971466,-14.248455,34.355827,5.2760735,-552.3171,-2151.4634,17.989777,152.82802,30.772305,17,93,146,179,217,263,262,303,Q4930jb7ESZugqMNmFVAbVILayY2,0,0,0
60,57f62278097cf71beba5fa36ab431ffb,2024-12-28T10:36:40Z,1,0,4ff7d8634e31430090a5a1c3dfb14a07,1964,8,14,0,177,0.9398,0,32,61.5,,4,0,1E+19,1,0,3,1,0,0,0,K50B106701,1,540,136.6144013,7.670383958,34.96624183,-18.106619,49.72283,-3.6557314,-4.9244065,-1.9038053,38.40682,58.16357,-1.8027179,0.6327432,-1959.3903,0.15172939,-5.4584494,5.4075694,27.838724,38.40682,7.6577,-67.78988,-4.8571124,37.472767,5.577342,-561.5854,-2081.7073,9.846694,155.29517,29.383898,4,84,132,163,202,249,249,288,Q4930jb7ESZugqMNmFVAbVILayY2,0,0,0
61,221a42ba1c69b220ef932980016bafc9,2024-12-28T10:36:05Z,1,0,4ff7d8634e31430090a5a1c3dfb14a07,1964,8,14,0,177,0.9398,0,32,61.5,,4,0,1E+19,1,0,3,1,0,0,0,K50B106701,1,540,136.6144013,7.670383958,34.96624184,-11.5619335,52.152958,-2.849693,-4.9178905,-0.8194633,37.515408,60.724224,-2.1033614,0.36241794,-2024.878,0.4190855,-4.9530544,5.2282214,27.604635,37.85617,7.632282,-66.04785,-3.7574937,37.8022,4.747253,-485.36588,-2129.8782,12.267218,151.69081,31.49858,18,78,126,157,196,243,242,283,Q4930jb7ESZugqMNmFVAbVILayY2,0,0,0
62,87be6b085feee624553daa11e5c2912a,2024-12-28T10:35:27Z,1,0,4ff7d8634e31430090a5a1c3dfb14a07,1964,8,14,0,177,0.9398,0,32,61.5,,4,0,1E+19,1,0,3,1,0,0,0,K50B106701,1,540,136.6144013,7.670383958,34.96624184,-11.3678055,51.006454,-2.4148698,2.5178914,5.5216846,34.530037,62.944492,-6.9462533,0.51701945,-1980.6097,0.38765073,-9.361123,4.4332952,34.997223,36.4287,7.788562,-67.287735,-4.852948,38.611713,5.7700653,-593.2927,-2038.4147,4.304142,139.61967,43.07941,30,112,163,194,235,283,279,323,Q4930jb7ESZugqMNmFVAbVILayY2,0,0,0
63,afcbb2d1e21709aa46510c989bbfa4b1,2024-12-28T10:34:45Z,1,0,4ff7d8634e31430090a5a1c3dfb14a07,1964,8,14,0,177,0.9398,0,32,61.5,,4,0,1E+19,1,0,3,1,0,0,0,K50B106701,1,540,136.6144013,7.670383958,34.96624184,-10.272607,50.42847,-8.269655,2.3138072,2.7317076,41.806156,57.31983,-0.7225208,1.2369056,-2270.244,-0.45522776,-8.992176,5.342832,35.547703,41.806156,7.775226,-62.393723,-3.2222815,35.151516,4.2828283,-537.439,-2253.171,-2.0920644,169.04015,31.283903,57,112,163,196,235,283,283,323,Q4930jb7ESZugqMNmFVAbVILayY2,0,0,0
64,a225190ef25f8438d76c932c745cdb60,2024-12-28T10:33:03Z,1,0,4ff7d8634e31430090a5a1c3dfb14a07,1964,8,14,0,177,0.9398,0,32,61.5,,4,0,1E+19,1,0,3,1,0,0,0,K50B106701,1,540,136.6144013,7.670383958,34.96624186,-12.106369,51.011295,-2.9355328,0.74663407,4.7490373,37.744785,58.117626,-2.860658,1.1798974,-2061.9512,-0.40100446,-5.7961907,4.916712,34.969513,37.945847,7.555548,-63.497803,1.1184651,40.835266,5.475638,-573.4147,-2091.9512,-2.3999424,152.61829,34.92581,36,103,154,183,223,271,268,313,Q4930jb7ESZugqMNmFVAbVILayY2,0,0,0
65,20e7bed03d7158fcacc7303c52bd679f,2024-12-28T10:32:45Z,1,0,4ff7d8634e31430090a5a1c3dfb14a07,1964,8,14,0,177,0.9398,0,32,61.5,,4,0,1E+19,1,0,3,1,0,0,0,K50B106701,1,540,136.6144013,7.670383958,34.96624187,-9.02617,51.056458,-8.655637,5.815958,6.3876314,39.395462,56.401737,-6.7926397,1.1326292,-1854.3903,-0.34591165,-15.4482765,5.1267323,36.51471,39.395462,7.6887684,-78.38314,-7.272571,37.037037,5.2287583,-564.0244,-1960.3658,-4.326845,159.29268,33.321796,33,105,153,185,220,270,270,312,Q4930jb7ESZugqMNmFVAbVILayY2,0,0,0
66,481dedebc4b869439b33fedcf9f81af0,2024-12-28T10:32:13Z,1,0,4ff7d8634e31430090a5a1c3dfb14a07,1964,8,14,0,177,0.9398,0,32,61.5,,4,0,1E+19,1,0,3,1,0,0,0,K50B106701,1,540,136.6144013,7.670383958,34.96624183,0.94112575,51.10399,-10.757997,12.179467,12.531323,36.175526,60.423294,-9.1351595,1.2852635,-1993.7805,-0.5032724,-19.893156,4.894195,42.475407,37.791622,7.694731,-80.51394,-8.511719,36.989246,6.8817205,-516.8293,-2173.171,5.896434,146.2731,36.3955,3,119,163,196,230,282,279,324,Q4930jb7ESZugqMNmFVAbVILayY2,0,0,0
67,6064a88a6aa4d02180d7eea1c07795d4,2024-12-28T10:31:58Z,1,0,4ff7d8634e31430090a5a1c3dfb14a07,1964,8,14,0,177,0.9398,0,32,61.5,,4,0,1E+19,1,0,3,1,0,0,0,K50B106701,1,540,136.6144013,7.670383958,34.96624183,-10.945502,53.2344,-2.8276641,-4.1043496,1.0276217,38.13007,60.821045,3.878999,0.8544666,-1880.3658,-0.16704933,1.0513349,5.4326673,30.990568,38.13007,7.497828,-51.375507,0.8830548,31.238094,4.5333333,-541.70734,-1990.8538,-15.857001,154.17616,27.543455,8,76,127,166,199,248,248,288,Q4930jb7ESZugqMNmFVAbVILayY2,0,0,0
68,bf578234480af013667d5934103d0da9,2024-12-28T10:31:27Z,1,0,4ff7d8634e31430090a5a1c3dfb14a07,1964,8,14,0,177,0.9398,0,32,61.5,,4,0,1E+19,1,0,3,1,0,0,0,K50B106701,1,540,136.6144013,7.670383958,34.96624183,-13.346071,50.41773,-1.6499163,3.877665,5.1816053,34.250973,60.367283,-15.617053,0.6483203,-2153.171,0.28745908,-17.26697,4.7339964,32.898834,35.82079,7.5246634,-63.484104,-1.6515609,35.50296,4.457594,-598.2927,-2292.805,-0.37219825,138.49132,37.086933,11,73,124,158,197,248,241,287,Q4930jb7ESZugqMNmFVAbVILayY2,0,0,0
69,18fe478d906570075bea73b8ec72c77b,2024-12-28T10:30:51Z,1,0,4ff7d8634e31430090a5a1c3dfb14a07,1964,8,14,0,177,0.9398,0,32,61.5,,4,0,1E+19,1,0,3,1,0,0,0,K50B106701,1,540,136.6144013,7.670383958,34.96624184,-18.208782,52.2601,1.5586439,-5.916204,-3.5377853,36.35271,62.457813,-3.114821,1.2416049,-2308.9026,-0.46156588,-1.5561769,5.1065907,27.414148,36.826855,7.7644796,-56.698883,1.4997557,35.6998,5.233266,-559.5122,-2377.561,11.50402,146.98953,34.231384,4,77,133,165,207,253,249,292,Q4930jb7ESZugqMNmFVAbVILayY2,0,0,0
70,410cf12273247e59daacdfccc70ceb3a,2024-12-28T10:30:37Z,1,0,4ff7d8634e31430090a5a1c3dfb14a07,1964,8,14,0,177,0.9398,0,32,61.5,,4,0,1E+19,1,0,3,1,0,0,0,K50B106701,1,540,136.6144013,7.670383958,34.96624184,-13.26216,49.66021,-7.781461,-4.534811,-4.441486,37.62948,58.926567,4.03967,0.70892197,-1920.122,-0.050426595,-3.7417908,5.3647676,29.025932,38.443993,7.526346,-73.24002,-1.3555961,33.932133,5.309381,-546.8293,-2007.8049,6.4355774,152.15205,28.720158,12,94,145,180,216,265,262,305,Q4930jb7ESZugqMNmFVAbVILayY2,0,0,0
71,4ba327b4791905277199fc965e5954cb,2024-12-28T10:30:05Z,1,0,4ff7d8634e31430090a5a1c3dfb14a07,1964,8,14,0,177,0.9398,0,32,61.5,,4,0,1E+19,1,0,3,1,0,0,0,K50B106701,1,540,136.6144013,7.670383958,34.96624184,-2.719443,49.475056,-0.8205304,3.7376096,4.527017,36.500736,59.502922,-7.7934623,1.1357511,-2047.9269,-0.3625532,-8.613993,4.8695626,37.244328,36.500736,7.790992,-80.424324,-2.5968797,36.129032,6.5376344,-500.85367,-2115.9756,12.586073,147.58806,37.497528,3,107,155,188,222,272,272,312,Q4930jb7ESZugqMNmFVAbVILayY2,0,0,0
72,430cba8346b924fd6860a357caadb434,2024-12-28T10:29:05Z,1,0,4ff7d8634e31430090a5a1c3dfb14a07,1964,8,14,0,177,0.9398,0,32,61.5,,4,0,1E+19,1,0,3,1,0,0,0,K50B106701,1,540,136.6144013,7.670383958,34.96624184,4.8874116,51.98613,-11.715617,15.359974,11.826441,37.703728,58.036076,-8.962224,1.1992309,-1792.3171,-0.40895906,-20.677841,5.5824795,45.920383,39.40102,7.5318065,-80.19295,-3.6807456,34.331337,6.027944,-373.41464,-1933.0488,19.270395,152.45229,25.881268,6,111,157,192,220,278,275,321,Q4930jb7ESZugqMNmFVAbVILayY2,0,0,0
73,7c2face98ed72611711be045076d0dd6,2024-12-28T10:28:42Z,1,0,4ff7d8634e31430090a5a1c3dfb14a07,1964,8,14,0,177,0.9398,0,32,61.5,,4,0,1E+19,1,0,3,1,0,0,0,K50B106701,1,540,136.6144013,7.670383958,34.96624185,-9.038774,52.523182,-2.898268,-3.2992284,0.23199528,36.38749,58.789253,0.90163445,1.2288243,-1912.3171,-0.4459423,-1.9966335,5.3717422,31.389841,36.85749,7.556289,-77.27989,-10.941216,33.136093,6.311637,-452.68292,-1819.0244,9.38979,147.13016,28.910315,3,111,163,200,236,284,282,323,Q4930jb7ESZugqMNmFVAbVILayY2,0,0,0
74,3de5191c2915b4529f948429cfcd75c8,2024-12-28T10:28:21Z,1,0,4ff7d8634e31430090a5a1c3dfb14a07,1964,8,14,0,177,0.9398,0,32,61.5,,4,0,1E+19,1,0,3,1,0,0,0,K50B106701,1,540,136.6144013,7.670383958,34.96624185,-12.641128,47.690876,-3.6250033,-3.4882524,0.28104237,35.86409,58.112343,-0.009489775,1.2365805,-1897.3171,-0.44958526,-3.634493,5.3162055,30.600368,35.86409,7.4863834,-73.69137,-8.544105,29.795158,5.698324,-528.04877,-1914.878,17.52626,145.01382,28.988338,5,111,158,197,228,277,277,321,Q4930jb7ESZugqMNmFVAbVILayY2,0,0,0
75,518f44e48624f1739fcf91d2c1887643,2024-12-28T10:28:06Z,1,0,4ff7d8634e31430090a5a1c3dfb14a07,1964,8,14,0,177,0.9398,0,32,61.5,,4,0,1E+19,1,0,3,1,0,0,0,K50B106701,1,540,136.6144013,7.670383958,34.96624186,-11.47758,50.83297,-6.0289316,0.27441436,1.5921372,38.62119,56.222267,1.0725946,1.2172635,-1999.3903,-0.4364264,-4.956337,5.1238203,35.165363,38.62119,7.5229754,-56.545113,-0.3890221,34.97053,5.0294695,-544.7561,-1978.5366,10.937733,156.16196,31.891043,7,82,135,170,211,259,259,302,Q4930jb7ESZugqMNmFVAbVILayY2,0,0,0
76,50d5ea91c57ba63f81fb2e9166d6e80e,2024-12-28T10:27:46Z,1,0,4ff7d8634e31430090a5a1c3dfb14a07,1964,8,14,0,177,0.9398,0,32,61.5,,4,0,1E+19,1,0,3,1,0,0,0,K50B106701,1,540,136.6144013,7.670383958,34.96624187,-15.651785,50.28715,-7.4697833,-0.55958766,-2.2329307,35.465446,55.532196,-4.778074,1.2058487,-1708.7805,-0.4267706,-12.247857,5.093422,30.103159,39.583885,7.325055,-56.63878,-1.520536,37.575756,4.242424,-583.4147,-1820.8538,3.0070705,143.40195,30.465752,23,77,128,160,201,253,247,295,Q4930jb7ESZugqMNmFVAbVILayY2,0,0,0
77,e1468a91deaefeb65afd7cb5dc01b402,2024-12-28T10:27:06Z,1,0,4ff7d8634e31430090a5a1c3dfb14a07,1964,8,14,0,177,0.9398,0,32,61.5,,4,0,1E+19,1,0,3,1,0,0,0,K50B106701,1,540,136.6144013,7.670383958,34.96624187,-13.85737,49.627625,-4.144822,1.3575943,2.5348208,34.37314,59.19023,-6.2097826,1.1932145,-1864.1464,-0.4120819,-10.354605,4.845668,33.392178,36.827984,7.410527,-64.08071,0.7546689,35.363457,4.5579567,-543.90247,-2004.0244,6.19871,138.98528,34.611023,24,88,140,173,211,263,258,307,Q4930jb7ESZugqMNmFVAbVILayY2,0,0,0
78,18f996daa855b36e2d64cb62de50d359,2024-12-28T10:26:50Z,1,0,4ff7d8634e31430090a5a1c3dfb14a07,1964,8,14,0,177,0.9398,0,32,61.5,,4,0,1E+19,1,0,3,1,0,0,0,K50B106701,1,540,136.6144013,7.670383958,34.96624186,-9.342867,53.433594,-8.243966,5.9213305,4.2956147,35.5072,58.081398,-6.6983976,1.187247,-1853.0488,-0.40415373,-14.942364,5.150758,36.93744,36.92258,7.3236804,-66.985695,-4.6372204,35.959595,4.5656567,-483.17075,-1811.2196,14.673407,143.57077,29.669815,7,73,120,154,189,243,236,282,Q4930jb7ESZugqMNmFVAbVILayY2,0,0,0
79,f009ca561a159a7060991099b1b0a3b2,2024-12-28T10:26:12Z,1,0,4ff7d8634e31430090a5a1c3dfb14a07,1964,8,14,0,177,0.9398,0,32,61.5,,4,0,1E+19,1,0,3,1,0,0,0,K50B106701,1,540,136.6144013,7.670383958,34.96624184,-14.091682,50.435528,-5.8928175,-0.5673703,1.1858504,37.34017,59.663315,-2.72227,1.2013121,-1937.0732,-0.41731992,-8.6150875,5.61999,31.704296,37.578407,7.4377017,-66.48137,-11.803999,32.86004,6.044625,-538.7805,-1933.5366,7.1891646,150.98225,24.439161,21,119,170,207,239,288,284,328,Q4930jb7ESZugqMNmFVAbVILayY2,0,0,0
80,58a36846fbad4db1403bb023a7aaa43d,2024-12-28T10:25:38Z,1,0,4ff7d8634e31430090a5a1c3dfb14a07,1964,8,14,0,177,0.9398,0,32,61.5,,4,0,1E+19,1,0,3,1,0,0,0,K50B106701,1,540,136.6144013,7.670383958,34.96624185,-13.430004,51.321156,-1.2525738,-0.41435125,4.286273,38.19319,58.820274,-3.0067568,1.1430683,-2104.3904,-0.3527971,-4.2593307,5.42692,34.04365,38.595146,7.705022,-28.336647,3.374859,34.319527,5.4043393,-652.1951,-2041.9513,11.822343,154.43138,29.566456,7,89,144,183,222,270,268,312,Q4930jb7ESZugqMNmFVAbVILayY2,0,0,0
81,53f0e0c941d9f00006548f5da98cccd1,2024-12-28T10:24:56Z,1,0,4ff7d8634e31430090a5a1c3dfb14a07,1964,8,14,0,177,0.9398,0,32,61.5,,4,0,1E+19,1,0,3,1,0,0,0,K50B106701,1,540,136.6144013,7.670383958,34.96624185,-1.9479685,51.019894,-16.159369,3.3602684,-0.0664196,41.076614,55.39878,6.346114,0.7091169,-1894.0244,-0.012691552,-9.813254,6.126625,36.709667,41.076614,7.579876,-78.96674,-17.77191,31.499052,6.6034155,-426.70734,-1931.9513,10.00232,166.0903,19.17249,2,126,176,213,246,296,296,336,Q4930jb7ESZugqMNmFVAbVILayY2,0,0,0
82,b95b37b81722a042c5fabfacb49a0650,2024-12-28T10:24:37Z,1,0,4ff7d8634e31430090a5a1c3dfb14a07,1964,8,14,0,177,0.9398,0,32,61.5,,4,0,1E+19,1,0,3,1,0,0,0,K50B106701,1,540,136.6144013,7.670383958,34.96624186,-0.63296187,50.082645,-12.836573,2.8056605,1.2494957,38.59125,57.775326,4.546459,0.7289382,-1827.4391,-0.045126792,-8.290113,5.934477,36.45776,38.59125,7.7661924,-76.04935,-9.878464,33.266533,6.1723447,-463.5366,-1841.9513,18.057642,156.04091,23.58576,5,111,159,195,227,278,278,318,Q4930jb7ESZugqMNmFVAbVILayY2,0,0,0
83,2796790b50c1f2062c4438f285d8ff98,2024-12-28T10:24:18Z,1,0,4ff7d8634e31430090a5a1c3dfb14a07,1964,8,14,0,177,0.9398,0,32,61.5,,4,0,1E+19,1,0,3,1,0,0,0,K50B106701,1,540,136.6144013,7.670383958,34.96624186,-3.4512222,51.943844,-1.9704419,7.4168024,10.295577,34.187614,62.84401,-14.220688,1.1813446,-1986.9513,-0.3974033,-16.19113,5.260017,38.293736,36.098274,7.543608,-60.638474,-0.49043566,33.78119,6.257198,-502.43903,-2081.5854,13.0074835,138.23512,30.27187,10,120,173,209,243,297,286,337,Q4930jb7ESZugqMNmFVAbVILayY2,0,0,0
84,0a56c0606dfa086013844f47d01d3310,2024-12-28T10:23:58Z,1,0,4ff7d8634e31430090a5a1c3dfb14a07,1964,8,14,0,177,0.9398,0,32,61.5,,4,0,1E+19,1,0,3,1,0,0,0,K50B106701,1,540,136.6144013,7.670383958,34.96624188,-9.616371,50.029118,-6.208035,3.030566,4.9312887,33.919857,59.93348,-2.7560248,1.2217838,-1753.1708,-0.4404284,-8.96406,5.1451793,36.138664,35.22949,7.254342,-71.30597,-8.697715,30.654207,5.1214952,-525.12195,-1782.4391,11.634117,137.15247,29.07449,15,101,152,190,220,272,267,315,Q4930jb7ESZugqMNmFVAbVILayY2,0,0,0
85,7ebaff3f5ebd4dae108ac713d213c745,2024-12-28T10:23:39Z,1,0,4ff7d8634e31430090a5a1c3dfb14a07,1964,8,14,0,177,0.9398,0,32,61.5,,4,0,1E+19,1,0,3,1,0,0,0,K50B106701,1,540,136.6144013,7.670383958,34.96624188,-8.414447,51.038956,-3.1734393,1.0644697,3.9509828,34.701324,59.313725,-1.280627,1.1461902,-1537.1952,-0.3611227,-4.4540663,4.895295,35.697193,35.6497,7.397525,-70.43289,-0.053119,32.897194,4.82243,-605.12195,-1585.7317,17.405336,140.31227,33.82523,34,107,163,199,236,287,281,331,Q4930jb7ESZugqMNmFVAbVILayY2,0,0,0
86,5330aeddad44d0a361a4b9c0c99633ed,2024-12-28T10:23:14Z,1,0,4ff7d8634e31430090a5a1c3dfb14a07,1964,8,14,0,177,0.9398,0,32,61.5,,4,0,1E+19,1,0,3,1,0,0,0,K50B106701,1,540,136.6144013,7.670383958,34.96624191,-13.561042,51.243443,-3.7786005,-3.4378161,0.05077198,37.45016,59.07245,1.672921,1.1815072,-1633.7805,-0.40660483,-2.1056795,5.3518524,31.10122,38.017544,7.568861,-58.54557,-3.7437716,35.555557,5.2525253,-489.0244,-1706.2196,21.163641,151.427,29.291176,4,83,134,167,205,255,253,298,Q4930jb7ESZugqMNmFVAbVILayY2,0,0,0
87,efe053e91296799e9fd3ebed987add5d,2024-12-28T10:22:54Z,1,0,4ff7d8634e31430090a5a1c3dfb14a07,1964,8,14,0,177,0.9398,0,32,61.5,,4,0,1E+19,1,0,3,1,0,0,0,K50B106701,1,540,136.6144013,7.670383958,34.96624188,-11.065129,50.965816,-8.529495,1.8131694,1.3557667,37.49316,55.912807,-2.1106348,1.131426,-1654.5122,-0.44621262,-10.64013,5.5032845,34.183796,37.64455,7.324406,-70.70623,-11.304495,33.27032,4.9149337,-575.8537,-1604.5122,-2.3666937,151.60086,24.863743,19,95,149,185,221,273,268,316,Q4930jb7ESZugqMNmFVAbVILayY2,0,0,0
88,c37faa453af2bb0c0d22eee92fa8ec16,2024-12-28T10:22:28Z,1,0,4ff7d8634e31430090a5a1c3dfb14a07,1964,8,14,0,177,0.9398,0,32,61.5,,4,0,1E+19,1,0,3,1,0,0,0,K50B106701,1,540,136.6144013,7.670383958,34.96624192,-10.825477,52.02162,-1.688313,-1.022737,3.0153167,36.589146,56.704857,-2.1357732,1.2002227,-1605.9757,-0.41770214,-3.8240862,5.64117,33.95839,37.26431,7.355784,-43.259758,4.879969,32.42259,4.2622952,-452.92685,-1678.0488,20.43262,147.94554,23.309738,42,105,159,196,232,285,281,325,Q4930jb7ESZugqMNmFVAbVILayY2,0,0,0
89,3ed6ce42c9ea3fa6690f90dfd1b8d739,2024-12-28T10:21:07Z,1,0,4ff7d8634e31430090a5a1c3dfb14a07,1964,8,14,0,177,0.9398,0,32,61.5,,4,0,1E+19,1,0,3,1,0,0,0,K50B106701,1,540,136.6144014,7.670383958,34.9662419,-14.9101715,52.297783,-5.407796,-4.7558846,-1.6785642,37.934223,57.28998,2.0680451,0.7032795,-1806.5854,0.05155263,-3.3397508,5.3495746,29.315771,37.934223,7.1401396,-45.808353,-7.688382,35.173824,6.380368,-604.5122,-1918.7805,5.7501335,153.38426,25.07745,3,108,159,195,234,281,281,327,Q4930jb7ESZugqMNmFVAbVILayY2,0,0,0
90,c044ed00db0cea177e1c47862f49ba9b,2024-12-28T09:28:42Z,1,0,280a4633255b40c1bf4bdf9a11cd8623,1900,1,1,9,169,1.1557,0,10,58.5,,4,0,5.1234E+17,1,0,3,1,0,0,0,K50B105690,1,540,139.4351273,65.80000305,35.9514002,-2.521445,41.250523,1.5205443,-4.8687744,0.30870962,40.948563,37.371178,2.8181727,1.6671171,-1015.2439,-0.93676126,4.338717,6.064341,11.627654,41.84233,6.9367046,40.322334,3.3991783,20.025349,9.936628,-478.7805,-971.5854,-23.7177,221.78839,12.57605,45,187,437,511,539,590,579,629,Q4930jb7ESZugqMNmFVAbVILayY2,0,0,0
91,ed6f10e648bbe1ce73bd5264ce87dddc,2024-12-28T09:28:22Z,1,0,280a4633255b40c1bf4bdf9a11cd8623,1900,1,1,9,169,1.1557,0,10,58.5,,4,0,5.1234E+17,1,0,3,1,0,0,0,K50B105690,1,540,139.4351502,65.80000305,35.9514149,-6.532196,41.10954,5.183713,-12.950075,-2.2565336,41.424473,37.11557,2.2849445,0.31163734,-1009.5122,0.6474597,7.4686575,6.264913,3.492146,42.507603,7.0254827,37.07193,8.021831,20.782726,7.881242,-535.60974,-1016.5854,-18.222757,224.36604,10.825867,3,147,295,369,397,446,438,487,Q4930jb7ESZugqMNmFVAbVILayY2,0,0,0
92,b9f2b3c8a135ce1ce7775b53a678ef12,2024-12-28T09:26:41Z,1,0,280a4633255b40c1bf4bdf9a11cd8623,1900,1,1,9,169,1.1557,0,10,58.5,,4,0,5.1234E+17,1,0,3,1,0,0,0,K50B105690,1,540,139.4350418,65.80000305,35.9514366,0.9053234,41.197792,-2.642936,-2.7824326,4.182866,40.603825,37.488754,5.5007896,0.18160486,-1035.8536,0.8006202,2.857854,5.925721,13.611838,41.51973,6.8412547,49.13934,-3.465991,19.974716,8.116308,-473.0488,-1080.4878,-24.698067,219.9212,13.382536,58,194,379,454,484,533,526,574,Q4930jb7ESZugqMNmFVAbVILayY2,0,0,0
93,d9a6cca280228f909686fcbc1a897585,2024-12-28T09:26:15Z,1,0,280a4633255b40c1bf4bdf9a11cd8623,1900,1,1,9,169,1.1557,0,10,58.5,,4,0,5.1234E+17,1,0,3,1,0,0,0,K50B105690,1,540,139.4351801,65.80000305,35.9514254,-6.6175776,43.23239,1.2649233,-9.681084,-3.535358,40.954983,39.34611,3.796984,-1.6857448,-1156.2195,2.7881446,5.0619073,5.9684577,6.0121994,42.25162,6.7725387,46.751396,-5.0134025,21.887825,8.80985,-505.60977,-1196.0975,-29.881132,221.82317,11.872667,10,184,332,407,441,487,478,526,Q4930jb7ESZugqMNmFVAbVILayY2,0,0,0
94,8d245b7f1a239a2ca31c4ac71023419d,2024-12-28T09:25:52Z,1,0,280a4633255b40c1bf4bdf9a11cd8623,1900,1,1,9,169,1.1557,0,10,58.5,,4,0,5.1234E+17,1,0,3,1,0,0,0,K50B105690,1,540,139.4351708,65.80000305,35.9513948,-1.9029857,44.52278,-3.9296155,-3.1005013,-1.7638339,40.751457,38.51788,7.3932786,0.3821414,-1060.9756,0.53356636,3.463663,6.1359777,12.960847,41.656307,6.8429465,48.27673,-6.828285,20.871862,7.8731837,-406.70734,-1073.1708,-24.25657,220.72081,10.33135,7,177,305,381,412,460,451,501,Q4930jb7ESZugqMNmFVAbVILayY2,0,0,0
95,bd3b7c35ae0159697b33e881dccae72a,2024-12-28T09:25:31Z,1,0,280a4633255b40c1bf4bdf9a11cd8623,1900,1,1,9,169,1.1557,0,10,58.5,,4,0,5.1234E+17,1,0,3,1,0,0,0,K50B105690,1,540,139.4350988,65.80000305,35.9514337,-2.4814813,42.773884,-5.098122,-3.1974797,0.014958154,38.5225,39.34238,10.604084,1.2639463,-1002.1951,-0.4358643,5.505962,5.9180293,12.665989,40.816772,6.8479447,43.075516,8.944105,19.759678,8.918558,-501.2195,-965.73175,-14.600579,208.64818,13.579482,37,190,371,451,473,525,512,566,Q4930jb7ESZugqMNmFVAbVILayY2,0,0,0
96,61be972fcacddc3c0852f6ece68c74a7,2024-12-28T09:25:07Z,1,0,280a4633255b40c1bf4bdf9a11cd8623,1900,1,1,9,169,1.1557,0,10,58.5,,4,0,5.1234E+17,1,0,3,1,0,0,0,K50B105690,1,540,139.4351525,65.80000305,35.9514252,-7.650696,39.8037,1.69652,-11.62694,-1.4657425,39.794277,35.670135,5.4863772,-0.7396635,-810.48785,1.6572578,7.182897,6.035556,5.4474015,41.756855,6.9645033,35.800102,-1.4893298,21.4966,10.394558,-443.7805,-815.6098,-26.408533,215.53648,13.338316,3,187,385,455,486,534,520,575,Q4930jb7ESZugqMNmFVAbVILayY2,0,0,0
97,58ef7decbe31b84dd9e1f08faebc8442,2024-12-28T09:24:44Z,1,0,280a4633255b40c1bf4bdf9a11cd8623,1900,1,1,9,169,1.1557,0,10,58.5,,4,0,5.1234E+17,1,0,3,1,0,0,0,K50B105690,1,540,139.4350156,65.80000305,35.9514551,-5.9404154,40.02374,-31.155355,43.622818,4.5040903,35.02136,33.080494,3.0301533,-0.29109442,-1535.4878,1.1521782,-28.125202,5.3920717,52.930492,41.67555,6.9952745,37.24381,-16.37582,27.421385,8.830189,1765.6097,-1824.7561,-17.595062,189.68506,22.918367,25,191,376,445,482,554,518,572,Q4930jb7ESZugqMNmFVAbVILayY2,0,0,0
98,3405bdb3117d2cf91837c9654ca01147,2024-12-28T09:24:17Z,1,0,280a4633255b40c1bf4bdf9a11cd8623,1900,1,1,9,169,1.1557,0,10,58.5,,4,0,5.1234E+17,1,0,3,1,0,0,0,K50B105690,1,540,139.4350646,65.80000305,35.9514277,-3.4665854,41.507217,-2.2806559,-5.0644007,-2.1651554,42.47819,34.21026,6.1783667,-1.6306877,-872.0732,2.6815362,3.8977108,6.553833,12.707872,44.001316,7.150133,49.831524,-4.732024,21.124828,8.449931,-512.0732,-911.95123,-22.721127,230.07327,8.339709,57,188,365,441,472,518,509,558,Q4930jb7ESZugqMNmFVAbVILayY2,0,0,0
99,e6a525a24858d7b0723e1017a1090736,2024-12-28T09:22:39Z,1,0,280a4633255b40c1bf4bdf9a11cd8623,1900,1,1,9,169,1.0922,0,15,57,,4,0,015123402B3A23402B3A,1,0,3,1,0,0,0,K50B105690,1,540,139.435081,65.80000305,35.9514245,3.6452157,44.91465,0.49280912,-3.5449088,0.52520204,37.605846,42.982662,6.656438,1.4377674,-990.48785,-0.77593774,7.149247,5.8713965,18.664293,37.971783,7.0211105,46.708427,6.5568147,20.239681,8.095872,-513.5366,-999.39026,-23.09307,191.95871,16.375101,41,183,345,418,442,494,488,534,Q4930jb7ESZugqMNmFVAbVILayY2,0,0,0